trip_duration_days,miles_traveled,total_receipts_amount,reimbursement,dataset,cost_per_day,cost_per_mile,miles_per_day,cost_ratio
3,93.0,1.42,364.51,public,0.47333333333333333,0.015268817204301075,31.0,31.0
1,55.0,3.6,126.06,public,3.6,0.06545454545454546,55.0,55.0
1,47.0,17.97,128.91,public,17.97,0.3823404255319149,47.0,47.0
2,13.0,4.67,203.52,public,2.335,0.35923076923076924,6.5,6.5
3,88.0,5.78,380.37,public,1.9266666666666667,0.06568181818181819,29.333333333333332,29.333333333333332
1,76.0,13.74,158.35,public,13.74,0.18078947368421053,76.0,76.0
3,41.0,4.52,320.12,public,1.5066666666666666,0.11024390243902438,13.666666666666666,13.666666666666668
1,140.0,22.71,199.68,public,22.71,0.16221428571428573,140.0,140.0
3,121.0,21.17,464.07,public,7.0566666666666675,0.17495867768595041,40.333333333333336,40.333333333333336
3,117.0,21.99,359.1,public,7.329999999999999,0.18794871794871792,39.0,39.0
2,202.0,21.24,356.17,public,10.62,0.10514851485148514,101.0,101.0
3,80.0,21.05,366.87,public,7.016666666666667,0.263125,26.666666666666668,26.666666666666668
2,21.0,20.04,204.58,public,10.02,0.9542857142857143,10.5,10.5
3,177.0,18.73,430.86,public,6.243333333333333,0.10581920903954803,59.0,58.99999999999999
1,141.0,10.15,195.14,public,10.15,0.07198581560283689,141.0,141.0
1,58.0,5.86,117.24,public,5.86,0.10103448275862069,58.0,58.00000000000001
1,133.0,8.34,179.06,public,8.34,0.06270676691729324,133.0,133.0
1,59.0,8.31,120.65,public,8.31,0.14084745762711864,59.0,59.0
2,89.0,13.85,234.2,public,6.925,0.1556179775280899,44.5,44.5
2,147.0,17.43,325.56,public,8.715,0.11857142857142856,73.5,73.5
5,130.0,306.9,574.1,public,61.379999999999995,2.3607692307692307,26.0,26.0
5,173.0,1337.9,1443.96,public,267.58000000000004,7.733526011560694,34.6,34.6
5,592.0,433.75,869.0,public,86.75,0.7326858108108109,118.4,118.39999999999999
5,679.0,476.08,1030.41,public,95.216,0.7011487481590574,135.8,135.8
5,708.0,1129.52,1654.62,public,225.904,1.595367231638418,141.6,141.6
5,261.0,464.94,621.12,public,92.988,1.7813793103448277,52.2,52.199999999999996
5,794.0,511.0,1139.94,public,102.2,0.6435768261964736,158.8,158.79999999999998
5,521.0,1448.55,1624.01,public,289.71,2.7803262955854127,104.2,104.19999999999999
5,595.0,863.93,1231.67,public,172.786,1.4519831932773108,119.0,119.00000000000001
5,811.0,952.39,1608.6,public,190.478,1.1743403205918619,162.2,162.20000000000002
5,477.0,704.42,1045.96,public,140.884,1.4767714884696015,95.4,95.4
5,730.0,485.73,991.49,public,97.146,0.6653835616438356,146.0,146.0
5,262.0,1173.79,1485.59,public,234.75799999999998,4.480114503816794,52.4,52.39999999999999
5,446.0,219.98,788.62,public,43.995999999999995,0.4932286995515695,89.2,89.19999999999999
5,751.0,407.43,1063.46,public,81.486,0.5425166444740346,150.2,150.20000000000002
5,324.0,128.94,686.54,public,25.788,0.39796296296296296,64.8,64.8
5,414.0,967.0,1368.94,public,193.4,2.3357487922705316,82.8,82.8
5,367.0,290.78,742.25,public,58.15599999999999,0.7923160762942778,73.4,73.4
5,764.0,848.75,1468.46,public,169.75,1.1109293193717278,152.8,152.79999999999998
5,249.0,873.75,1185.24,public,174.75,3.5090361445783134,49.8,49.8
8,862.0,1817.85,1719.37,public,227.23125,2.108874709976798,107.75,107.75
11,927.0,1994.33,1779.12,public,181.30272727272725,2.151380798274002,84.27272727272727,84.27272727272727
9,602.0,186.69,1085.4,public,20.743333333333332,0.31011627906976746,66.88888888888889,66.88888888888889
8,610.0,208.29,841.27,public,26.03625,0.3414590163934426,76.25,76.25
12,333.0,1103.21,1618.13,public,91.93416666666667,3.312942942942943,27.75,27.75
8,435.0,1129.65,1525.26,public,141.20625,2.596896551724138,54.375,54.375
9,218.0,1203.45,1561.63,public,133.71666666666667,5.520412844036698,24.22222222222222,24.22222222222222
12,781.0,1159.18,1752.72,public,96.59833333333334,1.484225352112676,65.08333333333333,65.08333333333334
11,916.0,1036.91,2098.07,public,94.26454545454546,1.1319978165938867,83.27272727272727,83.27272727272727
10,358.0,2066.62,1624.11,public,206.66199999999998,5.77268156424581,35.8,35.8
12,566.0,2013.7,1752.03,public,167.80833333333334,3.557773851590106,47.166666666666664,47.166666666666664
9,954.0,1483.39,2024.2,public,164.82111111111112,1.554916142557652,106.0,106.0
9,534.0,1929.94,1624.87,public,214.4377777777778,3.614119850187266,59.333333333333336,59.333333333333336
12,765.0,1343.97,1953.03,public,111.9975,1.7568235294117647,63.75,63.75
8,630.0,967.69,1388.05,public,120.96125,1.536015873015873,78.75,78.75
10,909.0,696.0,1505.19,public,69.6,0.7656765676567657,90.9,90.89999999999999
10,223.0,745.89,1037.45,public,74.589,3.344798206278027,22.3,22.299999999999997
8,467.0,1178.71,1483.33,public,147.33875,2.5240042826552465,58.375,58.375
9,708.0,461.07,1110.6,public,51.23,0.651228813559322,78.66666666666667,78.66666666666666
9,885.0,1764.97,1694.37,public,196.10777777777778,1.994316384180791,98.33333333333333,98.33333333333334
6,855.0,591.35,1339.72,public,98.55833333333334,0.6916374269005848,142.5,142.5
2,993.0,54.24,715.19,public,27.12,0.05462235649546828,496.5,496.5
5,685.0,747.14,1216.36,public,149.428,1.0907153284671534,137.0,137.0
3,981.0,341.45,813.95,public,113.81666666666666,0.34806320081549436,327.0,327.0
5,770.0,873.33,1502.49,public,174.666,1.1341948051948052,154.0,154.0
6,697.0,651.64,1237.71,public,108.60666666666667,0.9349210903873745,116.16666666666667,116.16666666666667
3,795.0,450.85,743.94,public,150.28333333333333,0.5671069182389937,265.0,265.0
3,606.0,1184.23,1364.54,public,394.74333333333334,1.954174917491749,202.0,202.0
3,842.0,865.37,1251.14,public,288.45666666666665,1.0277553444180523,280.6666666666667,280.66666666666663
7,748.0,241.73,971.31,public,34.53285714285714,0.323168449197861,106.85714285714286,106.85714285714285
7,624.0,148.16,905.79,public,21.165714285714284,0.23743589743589744,89.14285714285714,89.14285714285714
2,713.0,740.33,1048.28,public,370.165,1.0383309957924265,356.5,356.5
3,874.0,1191.4,1515.99,public,397.1333333333334,1.3631578947368421,291.3333333333333,291.33333333333337
6,761.0,530.19,1120.1,public,88.36500000000001,0.6967017082785809,126.83333333333333,126.83333333333333
1,815.0,97.89,539.36,public,97.89,0.12011042944785276,815.0,815.0
1,601.0,497.7,644.12,public,497.7,0.8281198003327787,601.0,601.0
7,817.0,1127.87,1809.91,public,161.1242857142857,1.380501835985312,116.71428571428571,116.71428571428571
1,606.0,923.0,1050.05,public,923.0,1.523102310231023,606.0,606.0
1,909.0,741.82,866.07,public,741.82,0.8160836083608362,909.0,909.0
3,624.0,1160.92,1459.34,public,386.97333333333336,1.8604487179487181,208.0,208.0
4,650.0,619.49,676.38,public,154.8725,0.9530615384615385,162.5,162.5
6,204.0,818.99,628.4,public,136.49833333333333,4.014656862745098,34.0,34.0
1,263.0,396.49,198.42,public,396.49,1.5075665399239544,263.0,263.0
1,451.0,555.49,162.18,public,555.49,1.2316851441241685,451.0,451.0
10,424.0,474.99,831.96,public,47.499,1.1202594339622642,42.4,42.4
2,565.0,389.49,415.96,public,194.745,0.6893628318584071,282.5,282.5
9,397.0,348.49,913.29,public,38.721111111111114,0.877808564231738,44.111111111111114,44.111111111111114
1,532.0,413.99,355.57,public,413.99,0.7781766917293234,532.0,532.0
2,384.0,495.49,290.36,public,247.745,1.2903385416666666,192.0,192.0
5,754.0,489.99,765.13,public,97.998,0.6498541114058356,150.8,150.79999999999998
1,344.46,813.85,707.88,public,813.85,2.3626836207397086,344.46,344.46
3,906.3,540.03,848.42,public,180.01,0.5958622972525653,302.09999999999997,302.1
3,1007.56,187.52,764.64,public,62.50666666666667,0.1861129858271468,335.8533333333333,335.8533333333333
1,359.62,221.15,255.57,public,221.15,0.6149546743785107,359.62,359.62
1,362.79,749.19,636.51,public,749.19,2.0650789713057143,362.79,362.78999999999996
1,288.72,159.26,303.94,public,159.26,0.5516070933776669,288.72,288.72
2,782.17,830.72,1165.44,public,415.36,1.0620709053019166,391.085,391.085
2,623.18,347.54,625.15,public,173.77,0.5576879874193653,311.59,311.59
3,1061.15,388.5,693.36,public,129.5,0.3661122367243085,353.7166666666667,353.7166666666667
1,252.75,285.5,331.74,public,285.5,1.129574678536103,252.75,252.74999999999997
3,1020.39,250.62,779.08,public,83.54,0.24561197189309972,340.13,340.13
1,257.97,816.81,738.01,public,816.81,3.166298406791487,257.97,257.97
3,1025.03,592.55,992.4,public,197.51666666666665,0.5780806415421987,341.6766666666667,341.6766666666667
2,794.32,402.31,671.06,public,201.155,0.5064835330849028,397.16,397.16
1,276.85,485.54,361.66,public,485.54,1.7538016976702184,276.85,276.85
2,851.68,473.96,650.68,public,236.98,0.5565000939319933,425.84,425.8399999999999
3,859.12,611.07,960.47,public,203.69000000000003,0.7112743272185492,286.37333333333333,286.3733333333334
3,1317.07,476.87,787.42,public,158.95666666666668,0.36206883461015743,439.0233333333333,439.0233333333333
1,388.1,827.37,741.46,public,827.37,2.1318474619943313,388.1,388.1
1,264.39,758.27,636.19,public,758.27,2.8679980332085178,264.39,264.39
5,198.21,594.83,807.48,public,118.96600000000001,3.001009030825892,39.642,39.642
6,72.85,457.75,666.59,public,76.29166666666667,6.283459162663006,12.141666666666666,12.141666666666667
8,297.64,481.09,835.08,public,60.13625,1.6163486090579222,37.205,37.205
7,237.33,1262.27,1452.17,public,180.3242857142857,5.318628070618969,33.90428571428571,33.90428571428572
5,195.73,1228.49,511.23,public,245.698,6.276452255658305,39.146,39.146
8,276.28,1179.9,1522.6,public,147.4875,4.270667438830173,34.535,34.535
8,302.24,1046.04,1353.77,public,130.755,3.460958178930651,37.78,37.78
8,266.87,252.08,880.41,public,31.51,0.9445797579345749,33.35875,33.35875
9,310.69,239.64,828.16,public,26.626666666666665,0.771315459139335,34.52111111111111,34.52111111111111
6,222.08,709.07,1031.34,public,118.17833333333334,3.192858429394813,37.013333333333335,37.013333333333335
8,264.94,720.67,1019.85,public,90.08375,2.7201253113912585,33.1175,33.1175
8,161.15,1230.37,1499.24,public,153.79625,7.634936394663356,20.14375,20.14375
9,259.96,554.74,835.54,public,61.63777777777778,2.1339436836436376,28.88444444444444,28.884444444444444
9,97.85,518.56,850.57,public,57.617777777777775,5.299540112416964,10.872222222222222,10.872222222222224
9,194.34,1054.93,1374.9,public,117.21444444444445,5.428270042194093,21.593333333333334,21.593333333333334
9,332.35,374.61,830.45,public,41.623333333333335,1.1271551075673236,36.92777777777778,36.92777777777778
5,126.44,696.14,845.35,public,139.228,5.505694400506169,25.288,25.288000000000004
5,66.13,848.03,1050.25,public,169.606,12.823680629063965,13.225999999999999,13.225999999999999
6,135.34,1144.13,1478.11,public,190.68833333333336,8.453746120880746,22.55666666666667,22.556666666666665
6,233.7,346.98,648.57,public,57.830000000000005,1.4847240051347883,38.949999999999996,38.95
9,849.0,1007.41,1785.47,public,111.93444444444444,1.1865842167255594,94.33333333333333,94.33333333333334
6,806.0,1760.64,1718.76,public,293.44,2.184416873449132,134.33333333333334,134.33333333333331
8,891.0,1194.36,2016.46,public,149.295,1.3404713804713804,111.375,111.375
9,1182.0,1342.24,2164.15,public,149.13777777777779,1.1355668358714044,131.33333333333334,131.33333333333334
7,1010.0,1514.03,2063.98,public,216.29,1.499039603960396,144.28571428571428,144.28571428571428
8,892.0,1768.53,1902.37,public,221.06625,1.9826569506726457,111.5,111.5
6,825.0,1692.73,1817.77,public,282.12166666666667,2.0517939393939395,137.5,137.5
8,1118.0,1758.52,1852.47,public,219.815,1.5729159212880144,139.75,139.75
8,1064.0,1756.52,1857.04,public,219.565,1.6508646616541354,133.0,133.0
6,811.0,1252.04,1771.8,public,208.67333333333332,1.543822441430333,135.16666666666666,135.16666666666666
7,889.0,1417.96,1826.08,public,202.56571428571428,1.595005624296963,127.0,126.99999999999999
9,1012.0,1429.04,1880.76,public,158.78222222222223,1.412094861660079,112.44444444444444,112.44444444444446
6,909.0,1332.18,1720.21,public,222.03,1.4655445544554455,151.5,151.5
9,1096.0,1690.22,1894.85,public,187.8022222222222,1.5421715328467154,121.77777777777777,121.77777777777777
9,913.0,1021.29,1964.86,public,113.47666666666666,1.1186089813800657,101.44444444444444,101.44444444444444
6,1006.0,1219.71,1803.97,public,203.285,1.2124353876739562,167.66666666666666,167.66666666666669
6,907.0,1650.17,1737.86,public,275.02833333333336,1.8193715545755238,151.16666666666666,151.16666666666669
9,816.0,1171.81,1780.58,public,130.20111111111112,1.4360416666666667,90.66666666666667,90.66666666666667
7,1006.0,1181.33,2279.82,public,168.76142857142855,1.1742842942345924,143.71428571428572,143.71428571428572
6,835.0,1404.28,1765.79,public,234.04666666666665,1.6817724550898203,139.16666666666666,139.16666666666666
12,528.0,2476.41,1662.88,public,206.36749999999998,4.690170454545454,44.0,44.0
4,69.0,2321.49,322.0,public,580.3725,33.64478260869565,17.25,17.25
11,1179.0,31.36,1550.55,public,2.850909090909091,0.026598812553011025,107.18181818181819,107.18181818181819
13,756.0,954.4,1793.07,public,73.41538461538461,1.2624338624338625,58.15384615384615,58.153846153846146
1,123.0,2076.65,1171.68,public,2076.65,16.883333333333333,123.0,123.00000000000001
3,1162.0,2152.66,1434.71,public,717.5533333333333,1.8525473321858863,387.3333333333333,387.3333333333333
1,822.0,2170.53,1374.91,public,2170.53,2.640547445255475,822.0,821.9999999999999
11,558.0,1549.86,1823.47,public,140.89636363636362,2.77752688172043,50.72727272727273,50.72727272727273
2,753.0,1111.16,1353.87,public,555.58,1.475644090305445,376.5,376.5
10,224.0,407.51,794.7,public,40.751,1.8192410714285714,22.4,22.4
6,383.0,462.79,800.3,public,77.13166666666667,1.2083289817232377,63.833333333333336,63.833333333333336
8,1005.0,1391.37,1987.39,public,173.92125,1.3844477611940298,125.625,125.625
10,1145.0,311.43,1366.61,public,31.143,0.2719912663755459,114.5,114.49999999999999
5,1004.0,2367.63,1743.85,public,473.526,2.3581972111553786,200.8,200.79999999999998
5,873.0,1402.35,1676.79,public,280.46999999999997,1.606357388316151,174.6,174.6
2,165.0,1813.32,1273.45,public,906.66,10.989818181818181,82.5,82.5
5,1076.0,190.33,879.65,public,38.066,0.17688661710037176,215.2,215.2
12,986.0,2390.92,1760.0,public,199.24333333333334,2.424868154158215,82.16666666666667,82.16666666666667
7,948.0,657.17,1578.97,public,93.88142857142857,0.693217299578059,135.42857142857142,135.42857142857144
3,429.0,2400.13,1411.95,public,800.0433333333334,5.594708624708625,143.0,143.0
4,362.0,646.43,788.53,public,161.6075,1.7857182320441987,90.5,90.5
2,622.0,1871.56,1494.23,public,935.78,3.0089389067524115,311.0,311.0
1,140.0,255.99,150.34,public,255.99,1.8285,140.0,140.0
8,123.0,612.55,851.24,public,76.56875,4.980081300813008,15.375,15.375
4,87.0,2463.92,1413.52,public,615.98,28.320919540229887,21.75,21.75
10,164.0,1144.9,1516.43,public,114.49000000000001,6.98109756097561,16.4,16.400000000000002
1,989.0,2196.84,1439.17,public,2196.84,2.221274014155713,989.0,989.0000000000001
4,470.0,1968.63,1501.1,public,492.1575,4.188574468085107,117.5,117.5
1,37.0,1397.17,1092.94,public,1397.17,37.76135135135135,37.0,37.0
8,488.0,439.7,1030.13,public,54.9625,0.9010245901639344,61.0,61.0
12,757.0,897.4,1780.07,public,74.78333333333333,1.1854689564068692,63.083333333333336,63.08333333333333
14,958.0,1727.76,2065.16,public,123.41142857142857,1.8035073068893528,68.42857142857143,68.42857142857143
2,456.0,2390.7,1342.39,public,1195.35,5.2427631578947365,228.0,228.0
5,733.0,41.18,771.83,public,8.236,0.056180081855388815,146.6,146.6
5,291.0,1279.7,1477.12,public,255.94,4.397594501718213,58.2,58.199999999999996
10,478.0,2091.79,1568.41,public,209.179,4.376129707112971,47.8,47.800000000000004
8,817.0,1455.73,1847.26,public,181.96625,1.7817992656058752,102.125,102.125
6,1043.0,1404.35,1807.42,public,234.0583333333333,1.3464525407478427,173.83333333333334,173.83333333333331
2,958.0,1855.58,1549.54,public,927.79,1.9369311064718162,479.0,479.0
9,524.0,474.75,935.4,public,52.75,0.9060114503816794,58.22222222222222,58.22222222222222
6,45.0,81.59,522.58,public,13.598333333333334,1.8131111111111111,7.5,7.500000000000001
8,342.0,2259.06,1502.02,public,282.3825,6.605438596491228,42.75,42.75
12,379.0,1897.29,1682.98,public,158.1075,5.006042216358839,31.583333333333332,31.58333333333333
6,333.0,1254.68,1585.02,public,209.11333333333334,3.767807807807808,55.5,55.5
2,634.0,1739.81,1490.51,public,869.905,2.744179810725552,317.0,317.0
5,285.0,974.73,1282.84,public,194.946,3.420105263157895,57.0,56.99999999999999
12,33.0,1249.13,1707.38,public,104.09416666666668,37.85242424242425,2.75,2.75
9,118.0,1285.82,1539.77,public,142.86888888888888,10.896779661016948,13.11111111111111,13.11111111111111
1,420.0,2273.6,1220.35,public,2273.6,5.413333333333333,420.0,420.0
11,312.0,2072.39,1586.22,public,188.3990909090909,6.64227564102564,28.363636363636363,28.363636363636363
10,753.0,2054.02,1779.08,public,205.402,2.727782204515272,75.3,75.3
5,125.0,96.38,570.99,public,19.276,0.77104,25.0,25.0
6,597.0,888.84,1395.65,public,148.14000000000001,1.4888442211055277,99.5,99.5
12,1065.0,203.2,1408.25,public,16.933333333333334,0.1907981220657277,88.75,88.75
1,214.0,540.03,402.81,public,540.03,2.523504672897196,214.0,214.0
11,886.0,922.66,1852.24,public,83.87818181818182,1.0413769751693003,80.54545454545455,80.54545454545453
10,621.0,978.73,1656.28,public,97.873,1.5760547504025766,62.1,62.1
4,1000.0,2355.34,1699.56,public,588.835,2.35534,250.0,250.00000000000003
13,534.0,1765.96,1881.36,public,135.84307692307692,3.3070411985018726,41.07692307692308,41.07692307692308
6,475.0,1800.71,1671.23,public,300.11833333333334,3.7909684210526318,79.16666666666667,79.16666666666667
11,623.0,2265.21,1739.18,public,205.92818181818183,3.635971107544141,56.63636363636363,56.63636363636364
1,620.0,973.91,1112.02,public,973.91,1.5708225806451612,620.0,620.0
13,1004.0,1757.75,1960.67,public,135.21153846153845,1.7507470119521913,77.23076923076923,77.23076923076923
8,962.0,1929.63,1897.19,public,241.20375,2.005852390852391,120.25,120.25
14,516.0,1464.67,1842.1,public,104.61928571428572,2.8385077519379847,36.857142857142854,36.85714285714286
11,685.0,2272.75,1873.94,public,206.61363636363637,3.317883211678832,62.27272727272727,62.27272727272728
3,307.0,266.21,540.97,public,88.73666666666666,0.8671335504885993,102.33333333333333,102.33333333333334
3,375.0,1346.21,1339.93,public,448.7366666666667,3.5898933333333334,125.0,125.0
4,1124.0,2177.18,1567.43,public,544.295,1.9369928825622775,281.0,281.0
3,779.0,2110.9,1520.73,public,703.6333333333333,2.709756097560976,259.6666666666667,259.66666666666663
8,1173.0,671.25,1419.34,public,83.90625,0.5722506393861893,146.625,146.625
14,47.0,1667.14,1745.18,public,119.08142857142857,35.471063829787234,3.357142857142857,3.357142857142857
3,981.0,2008.83,1539.47,public,669.61,2.0477370030581037,327.0,327.00000000000006
5,516.0,1450.67,1547.5,public,290.134,2.811375968992248,103.2,103.2
6,471.0,332.51,872.19,public,55.41833333333333,0.7059660297239915,78.5,78.5
2,941.0,1565.77,1432.79,public,782.885,1.66394261424017,470.5,470.5
10,377.0,301.96,837.36,public,30.195999999999998,0.8009549071618036,37.7,37.7
7,273.0,285.83,793.58,public,40.832857142857144,1.0469963369963369,39.0,39.00000000000001
1,458.0,834.7,737.28,public,834.7,1.8224890829694325,458.0,458.0
11,772.0,932.31,1575.52,public,84.75545454545454,1.2076554404145077,70.18181818181819,70.18181818181819
11,36.0,1541.47,1593.24,public,140.13363636363636,42.81861111111111,3.272727272727273,3.2727272727272725
12,211.0,1048.29,1579.73,public,87.3575,4.968199052132701,17.583333333333332,17.583333333333336
7,987.0,2164.1,1839.67,public,309.15714285714284,2.1926038500506584,141.0,141.0
9,662.0,2275.59,1599.27,public,252.84333333333336,3.4374471299093656,73.55555555555556,73.55555555555556
12,96.0,1164.37,1553.21,public,97.03083333333332,12.128854166666665,8.0,8.0
5,569.0,1856.7,1623.81,public,371.34000000000003,3.2630931458699473,113.8,113.80000000000001
12,128.0,477.17,874.99,public,39.76416666666667,3.727890625,10.666666666666666,10.666666666666666
4,886.0,2401.28,1698.0,public,600.32,2.7102483069977428,221.5,221.5
13,19.0,807.27,1331.53,public,62.097692307692306,42.4878947368421,1.4615384615384615,1.4615384615384617
8,275.0,2347.09,1454.47,public,293.38625,8.534872727272727,34.375,34.375
9,963.0,588.5,1434.42,public,65.38888888888889,0.6111111111111112,107.0,106.99999999999999
14,1056.0,2489.69,1894.16,public,177.835,2.357660984848485,75.42857142857143,75.42857142857143
5,728.0,423.16,947.72,public,84.632,0.5812637362637363,145.6,145.6
4,286.0,1063.49,418.17,public,265.8725,3.7184965034965036,71.5,71.5
11,332.0,1352.48,1663.39,public,122.95272727272727,4.073734939759036,30.181818181818183,30.181818181818183
12,49.0,1118.38,1494.81,public,93.19833333333334,22.824081632653062,4.083333333333333,4.083333333333333
2,18.0,2503.46,1206.95,public,1251.73,139.0811111111111,9.0,9.0
14,592.0,1268.36,1930.24,public,90.59714285714286,2.1424999999999996,42.285714285714285,42.28571428571429
3,892.0,171.32,875.39,public,57.10666666666666,0.1920627802690583,297.3333333333333,297.3333333333333
11,741.0,1872.39,1847.08,public,170.21727272727273,2.526842105263158,67.36363636363636,67.36363636363636
14,807.0,2358.41,1819.41,public,168.45785714285714,2.922441140024783,57.642857142857146,57.642857142857146
5,873.0,1584.53,1796.7,public,316.906,1.8150400916380298,174.6,174.6
3,1159.0,2209.44,1434.84,public,736.48,1.9063330457290768,386.3333333333333,386.3333333333333
11,920.0,1338.65,1871.27,public,121.69545454545455,1.4550543478260871,83.63636363636364,83.63636363636363
1,388.0,390.7,332.06,public,390.7,1.006958762886598,388.0,388.0
9,576.0,1059.79,1547.5,public,117.75444444444445,1.8399131944444445,64.0,64.0
9,524.0,2367.12,1640.78,public,263.0133333333333,4.517404580152672,58.22222222222222,58.22222222222222
10,459.0,2183.11,1559.59,public,218.311,4.756230936819172,45.9,45.900000000000006
4,725.0,588.9,1097.95,public,147.225,0.8122758620689655,181.25,181.25
1,992.0,958.87,1222.41,public,958.87,0.9666028225806451,992.0,992.0
10,536.0,2194.42,1615.13,public,219.442,4.094067164179105,53.6,53.599999999999994
11,1126.0,1593.03,2143.74,public,144.82090909090908,1.4147690941385436,102.36363636363636,102.36363636363636
10,314.0,1098.8,1539.1,public,109.88,3.4993630573248407,31.4,31.4
1,9.0,2246.28,1120.22,public,2246.28,249.5866666666667,9.0,9.0
11,706.0,1508.23,2030.59,public,137.1118181818182,2.136303116147309,64.18181818181819,64.18181818181819
10,976.0,2166.02,1775.03,public,216.602,2.219282786885246,97.6,97.6
5,1028.0,653.19,1313.95,public,130.638,0.635398832684825,205.6,205.59999999999997
8,1166.0,99.47,1149.07,public,12.43375,0.08530874785591766,145.75,145.75
12,882.0,1958.14,1944.88,public,163.17833333333334,2.2201133786848075,73.5,73.5
11,448.0,732.79,1090.35,public,66.61727272727272,1.6356919642857142,40.72727272727273,40.72727272727273
7,623.0,1691.39,1800.86,public,241.62714285714287,2.7149117174959874,89.0,89.0
3,127.0,293.49,303.2,public,97.83,2.310944881889764,42.333333333333336,42.33333333333333
12,218.0,486.02,1005.67,public,40.501666666666665,2.2294495412844038,18.166666666666668,18.166666666666664
3,1166.0,530.44,785.59,public,176.81333333333336,0.4549228130360206,388.6666666666667,388.6666666666667
11,17.0,550.58,830.07,public,50.052727272727275,32.387058823529415,1.5454545454545454,1.5454545454545454
9,696.0,1749.97,1649.49,public,194.44111111111113,2.514324712643678,77.33333333333333,77.33333333333334
4,305.0,125.79,664.43,public,31.4475,0.41242622950819674,76.25,76.25
12,104.0,1300.05,1779.92,public,108.33749999999999,12.50048076923077,8.666666666666666,8.666666666666666
1,303.0,931.53,857.42,public,931.53,3.074356435643564,303.0,303.0
8,1012.0,2390.84,1732.12,public,298.855,2.362490118577075,126.5,126.50000000000001
9,938.0,2224.29,1913.87,public,247.14333333333332,2.371311300639659,104.22222222222223,104.22222222222221
3,471.0,288.19,535.67,public,96.06333333333333,0.611868365180467,157.0,157.0
5,72.0,977.67,1156.55,public,195.534,13.57875,14.4,14.4
10,160.0,2272.56,1642.15,public,227.256,14.2035,16.0,16.0
10,965.0,1851.28,1805.77,public,185.128,1.9184248704663212,96.5,96.5
3,266.0,2178.16,1447.95,public,726.0533333333333,8.188571428571429,88.66666666666667,88.66666666666666
12,734.0,2491.82,1792.31,public,207.65166666666667,3.394850136239782,61.166666666666664,61.166666666666664
12,64.0,1641.01,1710.72,public,136.75083333333333,25.64078125,5.333333333333333,5.333333333333333
9,497.0,1845.08,1674.09,public,205.0088888888889,3.712434607645875,55.22222222222222,55.22222222222223
3,781.0,1801.38,1586.21,public,600.46,2.306504481434059,260.3333333333333,260.3333333333333
3,158.0,1070.74,1183.16,public,356.91333333333336,6.7768354430379745,52.666666666666664,52.66666666666667
3,1096.0,200.27,802.96,public,66.75666666666667,0.18272810218978103,365.3333333333333,365.33333333333337
11,1116.0,2067.8,1987.44,public,187.9818181818182,1.8528673835125449,101.45454545454545,101.45454545454545
10,831.0,39.86,982.64,public,3.9859999999999998,0.047966305655836344,83.1,83.1
14,124.0,1064.64,1761.68,public,76.0457142857143,8.585806451612903,8.857142857142858,8.857142857142858
4,10.0,1262.73,1261.41,public,315.6825,126.273,2.5,2.5
5,955.0,106.86,897.78,public,21.372,0.11189528795811518,191.0,191.0
7,1176.0,2489.13,1921.16,public,355.59000000000003,2.116607142857143,168.0,168.0
6,803.0,465.6,1012.0,public,77.60000000000001,0.5798256537982566,133.83333333333334,133.83333333333334
9,868.0,62.12,1022.81,public,6.902222222222222,0.07156682027649769,96.44444444444444,96.44444444444446
1,181.0,128.05,225.12,public,128.05,0.7074585635359116,181.0,181.0
3,70.0,631.88,564.16,public,210.62666666666667,9.026857142857143,23.333333333333332,23.333333333333332
8,1090.0,419.76,1189.47,public,52.47,0.3851009174311927,136.25,136.25
14,1184.0,2269.89,1943.24,public,162.135,1.9171368243243243,84.57142857142857,84.57142857142857
1,735.0,1676.9,1365.21,public,1676.9,2.281496598639456,735.0,735.0
2,547.0,119.09,509.52,public,59.545,0.2177148080438757,273.5,273.5
11,265.0,218.66,949.34,public,19.87818181818182,0.8251320754716981,24.09090909090909,24.090909090909093
10,223.0,886.32,1305.54,public,88.632,3.974529147982063,22.3,22.3
12,959.0,1947.82,1833.24,public,162.31833333333333,2.031094890510949,79.91666666666667,79.91666666666666
11,498.0,1578.39,1793.52,public,143.49,3.1694578313253015,45.27272727272727,45.27272727272727
14,127.0,988.4,1688.9,public,70.6,7.782677165354331,9.071428571428571,9.071428571428571
3,621.0,214.08,779.66,public,71.36,0.34473429951690826,207.0,206.99999999999997
6,1193.0,2241.5,1839.47,public,373.5833333333333,1.8788767812238056,198.83333333333334,198.83333333333331
4,448.0,2055.97,1497.46,public,513.9925,4.58921875,112.0,112.0
8,466.0,2064.63,1558.12,public,258.07875,4.430536480686696,58.25,58.24999999999999
12,229.0,1216.16,1696.65,public,101.34666666666668,5.310742358078603,19.083333333333332,19.083333333333336
13,658.0,559.48,1573.12,public,43.03692307692308,0.8502735562310031,50.61538461538461,50.61538461538462
13,1034.0,2477.98,1842.24,public,190.61384615384617,2.3964990328820117,79.53846153846153,79.53846153846155
4,842.0,2464.29,1611.66,public,616.0725,2.926710213776722,210.5,210.5
13,837.0,1218.93,1921.68,public,93.76384615384616,1.4563082437275987,64.38461538461539,64.38461538461539
11,927.0,1306.37,1804.68,public,118.76090909090908,1.409244875943905,84.27272727272727,84.27272727272728
4,1047.0,1657.68,1605.84,public,414.42,1.5832664756446992,261.75,261.75
4,262.0,1681.28,1435.34,public,420.32,6.417099236641222,65.5,65.5
7,1126.0,1103.75,2014.72,public,157.67857142857142,0.9802397868561279,160.85714285714286,160.85714285714283
5,781.0,672.91,1125.36,public,134.582,0.8616005121638924,156.2,156.2
5,831.0,591.65,1090.31,public,118.33,0.7119735258724428,166.2,166.20000000000002
7,1089.0,1026.25,2132.85,public,146.60714285714286,0.9423783287419651,155.57142857142858,155.57142857142858
1,793.0,2171.07,1421.36,public,2171.07,2.7377931904161414,793.0,793.0
9,368.0,495.12,847.33,public,55.013333333333335,1.3454347826086956,40.888888888888886,40.88888888888889
6,818.0,1130.38,1704.06,public,188.39666666666668,1.3818826405867972,136.33333333333334,136.33333333333331
11,667.0,1915.95,1732.2,public,174.17727272727274,2.872488755622189,60.63636363636363,60.63636363636364
2,267.0,2116.93,1349.04,public,1058.465,7.9285767790262165,133.5,133.5
10,1083.0,2105.36,1844.58,public,210.536,1.9440073868882735,108.3,108.3
13,529.0,1767.79,2015.18,public,135.98384615384614,3.3417580340264648,40.69230769230769,40.69230769230769
9,1155.0,1346.4,2248.12,public,149.60000000000002,1.1657142857142857,128.33333333333334,128.33333333333334
7,1185.0,1768.01,2072.18,public,252.57285714285715,1.4919915611814345,169.28571428571428,169.2857142857143
5,763.0,1420.94,1777.14,public,284.188,1.8623066841415465,152.6,152.6
7,368.0,1231.69,1550.04,public,175.9557142857143,3.346983695652174,52.57142857142857,52.57142857142858
6,659.0,322.1,972.58,public,53.68333333333334,0.48877086494688926,109.83333333333333,109.83333333333333
14,1138.0,518.18,1696.86,public,37.012857142857136,0.45534270650263614,81.28571428571429,81.28571428571428
6,172.0,1977.78,1603.89,public,329.63,11.498720930232558,28.666666666666668,28.666666666666668
6,628.0,311.47,903.3,public,51.91166666666667,0.49597133757961787,104.66666666666667,104.66666666666667
2,500.0,1246.48,1264.53,public,623.24,2.49296,250.0,250.0
8,7.0,2075.6,1422.12,public,259.45,296.5142857142857,0.875,0.8750000000000001
5,942.0,2092.87,1696.72,public,418.57399999999996,2.2217303609341825,188.4,188.39999999999998
12,81.0,2485.34,1589.65,public,207.11166666666668,30.683209876543213,6.75,6.75
4,166.0,791.52,866.18,public,197.88,4.768192771084337,41.5,41.50000000000001
3,213.0,1724.85,1344.71,public,574.9499999999999,8.097887323943661,71.0,71.0
11,1004.0,167.15,1175.65,public,15.195454545454545,0.16648406374501992,91.27272727272727,91.27272727272727
5,116.0,478.1,624.04,public,95.62,4.121551724137931,23.2,23.2
13,112.0,2299.56,1807.67,public,176.88923076923078,20.531785714285714,8.615384615384615,8.615384615384615
1,43.0,2149.22,1134.47,public,2149.22,49.98186046511628,43.0,43.0
2,660.0,1944.4,1531.2,public,972.2,2.9460606060606063,330.0,330.0
10,888.0,298.68,1171.54,public,29.868000000000002,0.33635135135135136,88.8,88.80000000000001
10,860.0,2380.76,1759.97,public,238.07600000000002,2.768325581395349,86.0,86.0
10,1187.0,1981.09,2013.21,public,198.10899999999998,1.668989048020219,118.7,118.69999999999999
12,1139.0,124.65,1314.3,public,10.387500000000001,0.10943810359964883,94.91666666666667,94.91666666666667
5,966.0,359.51,927.98,public,71.902,0.37216356107660453,193.2,193.20000000000002
10,796.0,1352.08,2000.19,public,135.208,1.6985929648241205,79.6,79.60000000000001
9,72.0,1281.32,1515.54,public,142.36888888888888,17.79611111111111,8.0,8.0
10,215.0,2440.91,1638.66,public,244.09099999999998,11.353069767441859,21.5,21.5
7,671.0,1297.02,1703.2,public,185.28857142857143,1.9329657228017882,95.85714285714286,95.85714285714286
5,230.0,333.69,538.36,public,66.738,1.4508260869565217,46.0,46.0
5,467.0,1243.31,1549.82,public,248.66199999999998,2.6623340471092076,93.4,93.39999999999999
13,247.0,2339.61,1705.9,public,179.97,9.472105263157895,19.0,19.0
14,777.0,1248.61,1837.25,public,89.18642857142856,1.6069626769626768,55.5,55.5
11,740.0,1171.99,902.09,public,106.54454545454546,1.5837702702702703,67.27272727272727,67.27272727272728
6,884.0,1798.31,1897.87,public,299.7183333333333,2.034287330316742,147.33333333333334,147.33333333333334
5,789.0,1853.31,1792.88,public,370.662,2.34893536121673,157.8,157.8
4,825.0,874.99,784.52,public,218.7475,1.0605939393939394,206.25,206.25
2,301.0,769.23,731.28,public,384.615,2.5555813953488373,150.5,150.5
12,1007.0,1353.77,1925.32,public,112.81416666666667,1.344359483614697,83.91666666666667,83.91666666666667
5,865.0,644.79,1202.46,public,128.958,0.745421965317919,173.0,173.0
14,81.0,1251.97,1682.62,public,89.42642857142857,15.45641975308642,5.785714285714286,5.785714285714286
8,1159.0,2175.27,1752.18,public,271.90875,1.8768507333908542,144.875,144.875
11,496.0,373.98,1152.99,public,33.99818181818182,0.753991935483871,45.09090909090909,45.09090909090909
1,752.0,1632.35,1362.39,public,1632.35,2.1706781914893614,752.0,752.0000000000001
5,1014.0,1853.57,1749.31,public,370.714,1.8279783037475346,202.8,202.79999999999998
9,686.0,145.66,972.95,public,16.184444444444445,0.212332361516035,76.22222222222223,76.22222222222223
5,654.0,1272.89,1724.68,public,254.57800000000003,1.9463149847094803,130.8,130.8
8,621.0,2391.34,1593.12,public,298.9175,3.850789049919485,77.625,77.625
9,1080.0,539.51,1306.91,public,59.94555555555556,0.49954629629629627,120.0,120.00000000000001
10,714.0,269.06,1067.81,public,26.906,0.3768347338935574,71.4,71.39999999999999
10,816.0,1425.64,1872.81,public,142.56400000000002,1.747107843137255,81.6,81.60000000000001
14,1122.0,1766.25,2239.35,public,126.16071428571429,1.5741978609625669,80.14285714285714,80.14285714285714
4,1202.0,1074.87,1501.24,public,268.7175,0.8942346089850248,300.5,300.5
5,651.0,1573.3,1682.08,public,314.65999999999997,2.416743471582181,130.2,130.2
14,1100.0,237.69,1265.57,public,16.977857142857143,0.21608181818181818,78.57142857142857,78.57142857142857
14,296.0,485.68,924.9,public,34.691428571428574,1.6408108108108108,21.142857142857142,21.142857142857146
1,697.0,2148.5,1421.07,public,2148.5,3.082496413199426,697.0,697.0
6,1044.0,47.46,1133.45,public,7.91,0.04545977011494253,174.0,174.0
12,398.0,2481.44,1755.18,public,206.78666666666666,6.234773869346734,33.166666666666664,33.166666666666664
3,139.0,2428.89,1345.66,public,809.63,17.474028776978415,46.333333333333336,46.33333333333334
6,84.0,852.7,1109.32,public,142.11666666666667,10.151190476190477,14.0,14.0
2,423.0,1639.17,1367.64,public,819.585,3.8751063829787236,211.5,211.5
11,815.0,2385.6,1872.44,public,216.87272727272727,2.9271165644171777,74.0909090909091,74.0909090909091
6,577.0,897.74,1257.31,public,149.62333333333333,1.5558752166377816,96.16666666666667,96.16666666666667
8,200.0,1508.89,1461.33,public,188.61125,7.54445,25.0,25.0
9,1102.0,540.6,1455.85,public,60.06666666666667,0.4905626134301271,122.44444444444444,122.44444444444444
12,508.0,1970.54,1770.91,public,164.21166666666667,3.879015748031496,42.333333333333336,42.333333333333336
13,1024.0,1712.85,2097.69,public,131.7576923076923,1.672705078125,78.76923076923077,78.76923076923077
7,1161.0,1499.97,1862.45,public,214.28142857142856,1.2919638242894058,165.85714285714286,165.85714285714283
2,730.0,285.24,624.78,public,142.62,0.39073972602739726,365.0,365.0
13,996.0,1809.2,1956.89,public,139.16923076923078,1.8164658634538153,76.61538461538461,76.61538461538461
5,1160.0,1901.83,1673.89,public,380.366,1.6395086206896552,232.0,232.0
2,1139.0,306.43,726.14,public,153.215,0.2690342405618964,569.5,569.5
14,191.0,2442.76,1798.47,public,174.48285714285717,12.78931937172775,13.642857142857142,13.642857142857144
7,776.0,2447.82,1826.93,public,349.68857142857144,3.1544072164948456,110.85714285714286,110.85714285714285
14,414.0,1919.7,1918.89,public,137.12142857142857,4.636956521739131,29.571428571428573,29.57142857142857
7,847.0,1994.62,1851.7,public,284.94571428571425,2.354923258559622,121.0,120.99999999999999
6,924.0,1227.21,1871.76,public,204.535,1.3281493506493507,154.0,154.0
2,933.0,1589.58,1489.99,public,794.79,1.7037299035369775,466.5,466.5
1,211.0,958.08,891.9,public,958.08,4.540663507109005,211.0,211.0
10,773.0,865.92,1837.11,public,86.592,1.1202069857697283,77.3,77.3
3,196.0,1211.68,1229.87,public,403.8933333333334,6.182040816326531,65.33333333333333,65.33333333333334
14,49.0,954.02,1480.87,public,68.14428571428572,19.469795918367346,3.5,3.5
5,477.0,655.24,935.38,public,131.048,1.3736687631027253,95.4,95.4
5,828.0,1606.84,1690.82,public,321.368,1.9406280193236713,165.6,165.60000000000002
11,458.0,1364.29,1649.04,public,124.02636363636363,2.9787991266375546,41.63636363636363,41.63636363636363
3,289.0,1245.67,1279.31,public,415.22333333333336,4.310276816608996,96.33333333333333,96.33333333333334
1,1060.0,501.67,658.14,public,501.67,0.4732735849056604,1060.0,1060.0
5,1085.0,2486.43,1664.83,public,497.28599999999994,2.2916405529953914,217.0,217.0
4,675.0,381.48,779.68,public,95.37,0.5651555555555556,168.75,168.74999999999997
8,415.0,1214.97,1473.75,public,151.87125,2.9276385542168675,51.875,51.875
6,425.0,709.75,1114.9,public,118.29166666666667,1.67,70.83333333333333,70.83333333333334
7,313.0,2408.02,1637.65,public,344.0028571428571,7.69335463258786,44.714285714285715,44.71428571428571
13,235.0,426.07,897.26,public,32.77461538461539,1.813063829787234,18.076923076923077,18.07692307692308
7,635.0,1406.31,1630.66,public,200.90142857142857,2.2146614173228345,90.71428571428571,90.71428571428572
10,1009.0,2164.22,1889.87,public,216.42199999999997,2.144915758176412,100.9,100.9
3,692.0,450.7,748.57,public,150.23333333333332,0.6513005780346821,230.66666666666666,230.66666666666663
2,91.0,1073.76,1013.78,public,536.88,11.79956043956044,45.5,45.5
8,1187.0,1045.91,2047.06,public,130.73875,0.8811373209772536,148.375,148.375
14,600.0,1120.05,1847.84,public,80.00357142857142,1.86675,42.857142857142854,42.857142857142854
5,210.0,710.49,483.34,public,142.098,3.3832857142857145,42.0,42.0
12,10.0,1203.1,1564.9,public,100.25833333333333,120.30999999999999,0.8333333333333334,0.8333333333333334
1,452.0,275.05,282.89,public,275.05,0.6085176991150443,452.0,452.0
4,256.0,2218.74,1476.03,public,554.685,8.666953125,64.0,64.0
8,312.0,2383.17,1557.27,public,297.89625,7.638365384615385,39.0,39.0
2,1175.0,816.2,1237.62,public,408.1,0.6946382978723404,587.5,587.5
11,960.0,383.64,1248.46,public,34.876363636363635,0.399625,87.27272727272727,87.27272727272727
6,690.0,1009.37,1559.83,public,168.22833333333332,1.4628550724637681,115.0,115.0
14,487.0,579.29,1516.68,public,41.37785714285714,1.1895071868583162,34.785714285714285,34.78571428571428
8,75.0,315.71,593.83,public,39.46375,4.209466666666667,9.375,9.375
13,360.0,271.93,1017.64,public,20.91769230769231,0.7553611111111111,27.692307692307693,27.692307692307693
11,708.0,1871.77,1916.37,public,170.1609090909091,2.643742937853107,64.36363636363636,64.36363636363636
3,182.0,347.82,384.77,public,115.94,1.911098901098901,60.666666666666664,60.66666666666667
10,683.0,2442.92,1643.68,public,244.292,3.5767496339677893,68.3,68.3
5,392.0,1264.6,1465.72,public,252.92,3.226020408163265,78.4,78.4
10,175.0,1443.25,1635.5,public,144.325,8.247142857142856,17.5,17.5
7,577.0,1959.13,1603.6,public,279.8757142857143,3.3953726169844023,82.42857142857143,82.42857142857143
13,799.0,951.92,1793.36,public,73.22461538461538,1.191389236545682,61.46153846153846,61.46153846153846
13,608.0,370.89,1170.54,public,28.529999999999998,0.610016447368421,46.76923076923077,46.769230769230774
7,194.0,202.49,686.23,public,28.927142857142858,1.0437628865979383,27.714285714285715,27.71428571428571
13,889.0,232.72,1394.38,public,17.90153846153846,0.26177727784026994,68.38461538461539,68.38461538461539
7,901.0,136.8,1222.6,public,19.542857142857144,0.1518312985571587,128.71428571428572,128.71428571428572
1,698.0,1525.82,1398.75,public,1525.82,2.1859885386819484,698.0,698.0
9,592.0,793.55,1235.69,public,88.17222222222222,1.340456081081081,65.77777777777777,65.77777777777777
14,1015.0,871.76,1846.41,public,62.26857142857143,0.8588768472906404,72.5,72.5
9,524.0,136.46,848.89,public,15.162222222222223,0.2604198473282443,58.22222222222222,58.222222222222214
5,781.0,2114.27,1789.85,public,422.854,2.7071318822023045,156.2,156.20000000000002
3,200.0,58.24,494.63,public,19.413333333333334,0.2912,66.66666666666667,66.66666666666667
5,503.0,2335.55,1649.42,public,467.11,4.64324055666004,100.6,100.6
11,667.0,2221.67,1872.89,public,201.97,3.3308395802098953,60.63636363636363,60.63636363636363
7,336.0,1843.58,1691.68,public,263.36857142857144,5.4868452380952375,48.0,48.00000000000001
4,217.0,1506.46,1455.37,public,376.615,6.94221198156682,54.25,54.25
8,207.0,1146.93,1479.01,public,143.36625,5.540724637681159,25.875,25.875
7,690.0,1807.71,1710.98,public,258.2442857142857,2.6198695652173916,98.57142857142857,98.57142857142856
2,251.0,1916.43,1285.2,public,958.215,7.635179282868526,125.5,125.5
4,627.0,956.98,1337.63,public,239.245,1.5262838915470496,156.75,156.75
1,432.0,581.71,448.34,public,581.71,1.346550925925926,432.0,432.0
4,1194.0,2250.51,1691.15,public,562.6275,1.884849246231156,298.5,298.5
10,64.0,455.9,774.64,public,45.589999999999996,7.1234375,6.4,6.3999999999999995
8,15.0,377.85,657.8,public,47.23125,25.19,1.875,1.875
11,741.0,1207.39,1878.06,public,109.76272727272728,1.6294062078272606,67.36363636363636,67.36363636363636
8,638.0,1007.48,1483.06,public,125.935,1.5791222570532915,79.75,79.75
12,965.0,1700.28,1879.09,public,141.69,1.7619481865284974,80.41666666666667,80.41666666666667
8,1182.0,990.07,1840.75,public,123.75875,0.8376226734348562,147.75,147.75
13,1062.0,869.28,2090.54,public,66.86769230769231,0.8185310734463277,81.6923076923077,81.6923076923077
1,754.0,1220.47,1346.14,public,1220.47,1.6186604774535809,754.0,754.0
14,767.0,186.47,1292.77,public,13.319285714285714,0.24311603650586702,54.785714285714285,54.785714285714285
11,775.0,1752.23,1809.29,public,159.29363636363635,2.260941935483871,70.45454545454545,70.45454545454544
8,592.0,1402.98,1561.41,public,175.3725,2.3698986486486486,74.0,74.0
6,957.0,727.75,1448.72,public,121.29166666666667,0.7604493207941484,159.5,159.5
9,800.0,2167.72,1726.51,public,240.85777777777776,2.70965,88.88888888888889,88.88888888888889
6,1198.0,222.6,1107.96,public,37.1,0.18580968280467444,199.66666666666666,199.66666666666669
3,1092.0,1737.65,1462.01,public,579.2166666666667,1.5912545787545789,364.0,364.0
12,958.0,2499.84,1791.69,public,208.32000000000002,2.609436325678497,79.83333333333333,79.83333333333333
11,955.0,1282.19,2000.42,public,116.56272727272727,1.342607329842932,86.81818181818181,86.81818181818181
11,605.0,1880.69,1711.55,public,170.97181818181818,3.1085785123966945,55.0,54.99999999999999
7,670.0,1558.02,1702.81,public,222.5742857142857,2.3254029850746267,95.71428571428571,95.71428571428572
11,844.0,1962.77,1787.57,public,178.43363636363637,2.3255568720379145,76.72727272727273,76.72727272727273
3,718.0,1158.02,1416.98,public,386.00666666666666,1.6128412256267408,239.33333333333334,239.33333333333334
6,323.0,1477.23,1608.55,public,246.205,4.573467492260062,53.833333333333336,53.833333333333336
14,616.0,2374.41,1828.37,public,169.60071428571428,3.854561688311688,44.0,44.0
8,752.0,1519.78,1662.92,public,189.9725,2.0209840425531915,94.0,94.0
1,1166.0,1423.69,1412.13,public,1423.69,1.2210034305317325,1166.0,1166.0
3,1187.0,1632.14,1451.85,public,544.0466666666667,1.3750126368997473,395.6666666666667,395.6666666666667
3,1013.0,166.52,711.07,public,55.50666666666667,0.16438302073050345,337.6666666666667,337.6666666666667
5,741.0,429.24,951.92,public,85.848,0.5792712550607287,148.2,148.2
14,467.0,2176.26,1809.83,public,155.44714285714286,4.660085653104925,33.357142857142854,33.357142857142854
3,224.0,358.77,406.36,public,119.58999999999999,1.6016517857142856,74.66666666666667,74.66666666666667
3,712.0,512.23,751.16,public,170.74333333333334,0.7194241573033708,237.33333333333334,237.33333333333331
12,218.0,901.03,1371.86,public,75.08583333333333,4.133165137614679,18.166666666666668,18.166666666666664
6,373.0,587.38,956.61,public,97.89666666666666,1.574745308310992,62.166666666666664,62.166666666666664
8,562.0,2479.33,1478.31,public,309.91625,4.41161921708185,70.25,70.25
5,132.0,2387.03,1454.05,public,477.40600000000006,18.083560606060608,26.4,26.4
3,98.0,871.46,866.05,public,290.4866666666667,8.892448979591837,32.666666666666664,32.666666666666664
14,545.0,1206.76,1977.89,public,86.19714285714285,2.214238532110092,38.92857142857143,38.92857142857142
1,869.0,1498.88,1398.94,public,1498.88,1.7248331415420024,869.0,869.0
2,875.0,393.25,640.56,public,196.625,0.44942857142857146,437.5,437.5
8,888.0,2296.07,1718.71,public,287.00875,2.5856644144144147,111.0,111.0
1,716.0,1396.41,1376.59,public,1396.41,1.9502932960893855,716.0,716.0
8,1025.0,1031.33,2214.64,public,128.91625,1.0061756097560974,128.125,128.125
9,1064.0,2016.76,1810.94,public,224.08444444444444,1.895451127819549,118.22222222222223,118.22222222222221
4,463.0,1963.41,1607.34,public,490.8525,4.2406263498920085,115.75,115.75000000000001
1,678.0,1478.57,1370.31,public,1478.57,2.180781710914454,678.0,678.0
1,436.0,1358.14,1154.03,public,1358.14,3.115,436.0,436.0
5,586.0,2135.36,1661.61,public,427.072,3.643959044368601,117.2,117.19999999999999
1,797.0,126.8,543.18,public,126.8,0.1590966122961104,797.0,797.0
14,481.0,939.99,877.17,public,67.14214285714286,1.9542411642411643,34.357142857142854,34.357142857142854
7,172.0,1486.86,1557.94,public,212.4085714285714,8.64453488372093,24.571428571428573,24.57142857142857
10,1192.0,23.47,1157.87,public,2.347,0.01968959731543624,119.2,119.20000000000002
7,981.0,658.85,1351.69,public,94.12142857142858,0.6716106014271153,140.14285714285714,140.14285714285714
10,692.0,1671.71,1701.23,public,167.171,2.4157658959537573,69.2,69.19999999999999
13,710.0,2223.86,1979.83,public,171.06615384615387,3.1321971830985915,54.61538461538461,54.61538461538462
12,380.0,1526.79,1787.41,public,127.2325,4.017868421052632,31.666666666666668,31.666666666666664
3,133.0,1728.5,1373.4,public,576.1666666666666,12.996240601503759,44.333333333333336,44.33333333333333
4,730.0,799.25,1250.66,public,199.8125,1.0948630136986301,182.5,182.5
12,1070.0,1055.51,2030.76,public,87.95916666666666,0.9864579439252337,89.16666666666667,89.16666666666666
8,1185.0,554.98,1545.67,public,69.3725,0.46833755274261607,148.125,148.125
11,456.0,2223.72,1600.1,public,202.1563636363636,4.8765789473684205,41.45454545454545,41.45454545454545
12,85.0,1056.43,1466.31,public,88.03583333333334,12.428588235294118,7.083333333333333,7.083333333333334
2,543.0,103.37,544.12,public,51.685,0.19036832412523022,271.5,271.5
6,367.0,1947.68,1606.76,public,324.61333333333334,5.307029972752043,61.166666666666664,61.16666666666667
1,481.0,1792.17,1215.84,public,1792.17,3.725925155925156,481.0,481.0
5,233.0,1862.04,1562.23,public,372.408,7.991587982832618,46.6,46.6
1,45.0,1070.22,922.69,public,1070.22,23.782666666666668,45.0,45.0
5,152.0,2444.81,1523.75,public,488.962,16.084276315789474,30.4,30.4
7,344.0,1242.05,1514.4,public,177.43571428571428,3.610610465116279,49.142857142857146,49.14285714285714
5,320.0,1584.55,1584.73,public,316.90999999999997,4.9517187499999995,64.0,64.0
9,989.0,378.12,1193.72,public,42.013333333333335,0.38232558139534883,109.88888888888889,109.8888888888889
10,57.0,936.89,1237.07,public,93.689,16.436666666666667,5.7,5.699999999999999
12,342.0,2253.61,1659.5,public,187.80083333333334,6.5895029239766085,28.5,28.5
2,983.0,2109.93,1519.98,public,1054.965,2.1464191251271614,491.5,491.50000000000006
10,886.0,1990.03,1749.93,public,199.003,2.246083521444695,88.6,88.60000000000001
10,5.0,836.86,1116.56,public,83.686,167.372,0.5,0.5
3,80.0,517.54,457.49,public,172.51333333333332,6.46925,26.666666666666668,26.666666666666664
8,482.0,1411.49,631.81,public,176.43625,2.928402489626556,60.25,60.25
4,11.0,312.01,426.22,public,78.0025,28.364545454545453,2.75,2.75
12,1075.0,2328.11,1798.38,public,194.0091666666667,2.165683720930233,89.58333333333333,89.58333333333333
13,632.0,268.91,1396.28,public,20.685384615384617,0.42549050632911395,48.61538461538461,48.61538461538461
8,323.0,46.48,703.45,public,5.81,0.14390092879256966,40.375,40.375
11,527.0,1550.32,1806.06,public,140.93818181818182,2.9417836812144214,47.90909090909091,47.90909090909091
5,948.0,898.6,1499.68,public,179.72,0.9478902953586498,189.6,189.6
5,504.0,1502.63,1628.66,public,300.526,2.9814087301587304,100.8,100.8
10,793.0,1422.29,2007.62,public,142.22899999999998,1.7935561160151323,79.3,79.3
13,32.0,232.43,805.12,public,17.87923076923077,7.2634375,2.4615384615384617,2.4615384615384617
9,768.0,1815.6,1666.18,public,201.73333333333332,2.3640624999999997,85.33333333333333,85.33333333333334
9,994.0,1742.62,1849.58,public,193.62444444444444,1.7531388329979878,110.44444444444444,110.44444444444444
1,1105.0,1432.3,1387.17,public,1432.3,1.2961990950226243,1105.0,1105.0
12,178.0,507.59,907.19,public,42.299166666666665,2.851629213483146,14.833333333333334,14.833333333333334
10,472.0,431.95,924.65,public,43.195,0.9151483050847458,47.2,47.2
5,716.0,1111.23,1492.08,public,222.246,1.5519972067039107,143.2,143.2
3,771.0,725.67,1166.93,public,241.89,0.9412062256809338,257.0,257.0
13,1054.0,1131.25,2162.03,public,87.01923076923077,1.073292220113852,81.07692307692308,81.07692307692308
10,872.0,2191.27,1776.62,public,219.127,2.5129243119266054,87.2,87.2
12,1077.0,32.55,1387.43,public,2.7125,0.03022284122562674,89.75,89.75
12,211.0,749.56,1285.23,public,62.46333333333333,3.552417061611374,17.583333333333332,17.583333333333336
4,199.0,1310.01,1400.57,public,327.5025,6.582964824120603,49.75,49.75
2,1029.0,1702.6,1577.55,public,851.3,1.6546161321671524,514.5,514.5
10,643.0,2263.77,1685.92,public,226.377,3.520637636080871,64.3,64.3
10,797.0,1706.73,1724.42,public,170.673,2.1414429109159347,79.7,79.7
12,657.0,322.5,1113.16,public,26.875,0.4908675799086758,54.75,54.75
8,177.0,486.06,751.58,public,60.7575,2.746101694915254,22.125,22.125
2,222.0,456.24,437.4,public,228.12,2.055135135135135,111.0,111.00000000000001
3,555.0,2342.76,1458.63,public,780.9200000000001,4.2211891891891895,185.0,185.0
2,785.0,1964.63,1522.76,public,982.315,2.5027133757961786,392.5,392.5
5,104.0,281.67,464.68,public,56.334,2.7083653846153846,20.8,20.8
1,673.0,2026.16,1372.83,public,2026.16,3.0106389301634473,673.0,673.0
10,877.0,1711.12,1897.37,public,171.112,1.9511060433295324,87.7,87.7
1,250.0,1300.17,1145.33,public,1300.17,5.20068,250.0,250.0
1,467.0,296.49,221.23,public,296.49,0.634882226980728,467.0,467.0
10,1026.0,828.82,1865.67,public,82.882,0.8078167641325537,102.6,102.6
11,1106.0,2250.54,2050.62,public,204.59454545454545,2.0348462929475586,100.54545454545455,100.54545454545456
12,452.0,816.56,1243.1,public,68.04666666666667,1.8065486725663715,37.666666666666664,37.66666666666667
14,865.0,2497.16,1885.87,public,178.3685714285714,2.8868901734104044,61.785714285714285,61.785714285714285
8,107.0,2450.89,1468.19,public,306.36125,22.905514018691587,13.375,13.375
8,80.0,1092.18,1365.73,public,136.5225,13.65225,10.0,10.0
8,945.0,766.98,1625.53,public,95.8725,0.8116190476190477,118.125,118.125
13,1140.0,1607.8,2214.64,public,123.67692307692307,1.4103508771929825,87.6923076923077,87.6923076923077
2,636.0,1438.19,1435.96,public,719.095,2.261305031446541,318.0,318.0
14,865.0,1422.11,1921.18,public,101.5792857142857,1.644057803468208,61.785714285714285,61.78571428571428
12,482.0,1710.47,1746.74,public,142.53916666666666,3.5486929460580914,40.166666666666664,40.166666666666664
2,68.0,756.61,648.53,public,378.305,11.126617647058824,34.0,34.0
14,512.0,526.84,1306.64,public,37.63142857142857,1.028984375,36.57142857142857,36.57142857142857
14,1001.0,1647.24,2080.0,public,117.66,1.6455944055944056,71.5,71.5
1,547.0,573.6,616.27,public,573.6,1.0486288848263254,547.0,547.0
10,5.0,1338.9,1610.25,public,133.89000000000001,267.78000000000003,0.5,0.5
3,1158.0,1107.4,1361.3,public,369.1333333333334,0.9563039723661486,386.0,386.0
1,993.0,1143.58,1328.85,public,1143.58,1.1516414904330312,993.0,992.9999999999999
6,378.0,837.63,1215.96,public,139.605,2.215952380952381,63.0,63.0
11,1156.0,2231.86,1988.56,public,202.89636363636365,1.930674740484429,105.0909090909091,105.0909090909091
5,1050.0,882.86,1430.04,public,176.572,0.8408190476190476,210.0,210.0
8,836.0,735.52,1606.63,public,91.94,0.8798086124401914,104.5,104.5
11,654.0,1516.42,1870.43,public,137.85636363636365,2.31868501529052,59.45454545454545,59.45454545454546
8,633.0,1308.36,1639.12,public,163.545,2.066919431279621,79.125,79.125
12,713.0,1642.01,1873.19,public,136.83416666666668,2.3029593267882187,59.416666666666664,59.41666666666667
5,96.0,1105.47,1312.16,public,221.094,11.5153125,19.2,19.2
7,1054.0,576.47,1344.18,public,82.35285714285715,0.5469354838709678,150.57142857142858,150.57142857142856
12,495.0,1948.13,1831.92,public,162.34416666666667,3.935616161616162,41.25,41.25
1,1068.0,2011.28,1421.45,public,2011.28,1.8832209737827714,1068.0,1068.0
7,1000.0,1620.46,1971.23,public,231.49428571428572,1.62046,142.85714285714286,142.85714285714286
13,855.0,1798.75,1951.77,public,138.3653846153846,2.103801169590643,65.76923076923077,65.76923076923077
8,544.0,1279.51,1483.77,public,159.93875,2.3520404411764706,68.0,68.0
11,816.0,544.99,1077.12,public,49.54454545454546,0.6678799019607843,74.18181818181819,74.18181818181819
5,1080.0,2383.82,1664.76,public,476.764,2.207240740740741,216.0,216.0
8,1124.0,1908.69,1833.27,public,238.58625,1.6981227758007118,140.5,140.5
3,29.0,1632.85,1269.1,public,544.2833333333333,56.3051724137931,9.666666666666666,9.666666666666666
6,470.0,2235.72,1628.6,public,372.61999999999995,4.756851063829787,78.33333333333333,78.33333333333333
7,287.0,2293.5,1558.09,public,327.64285714285717,7.991289198606272,41.0,41.0
4,72.0,1367.29,1302.97,public,341.8225,18.99013888888889,18.0,18.0
6,344.0,233.31,800.18,public,38.885,0.6782267441860466,57.333333333333336,57.33333333333333
8,801.0,1241.21,1780.65,public,155.15125,1.5495755305867667,100.125,100.125
5,629.0,484.34,1029.87,public,96.868,0.7700158982511923,125.8,125.8
11,327.0,961.08,1356.46,public,87.3709090909091,2.9390825688073394,29.727272727272727,29.72727272727273
14,94.0,105.94,1180.63,public,7.567142857142857,1.1270212765957446,6.714285714285714,6.714285714285714
4,1113.0,2103.82,1695.08,public,525.955,1.8902246181491467,278.25,278.25
14,267.0,2090.21,1968.4,public,149.3007142857143,7.828501872659176,19.071428571428573,19.071428571428573
1,979.0,1292.54,1313.53,public,1292.54,1.3202655771195098,979.0,978.9999999999999
10,625.0,519.94,1229.41,public,51.99400000000001,0.8319040000000001,62.5,62.5
14,457.0,848.61,1492.64,public,60.615,1.85691466083151,32.642857142857146,32.642857142857146
11,398.0,723.39,1154.77,public,65.76272727272728,1.8175628140703517,36.18181818181818,36.18181818181819
14,68.0,438.96,866.76,public,31.354285714285712,6.455294117647059,4.857142857142857,4.857142857142857
3,769.0,2497.93,1587.8,public,832.6433333333333,3.2482834850455133,256.3333333333333,256.33333333333337
13,694.0,1054.31,1815.02,public,81.10076923076923,1.519178674351585,53.38461538461539,53.38461538461539
12,1088.0,1977.91,1883.21,public,164.82583333333335,1.8179319852941178,90.66666666666667,90.66666666666667
9,101.0,950.23,1281.64,public,105.58111111111111,9.408217821782179,11.222222222222221,11.222222222222221
1,170.0,2452.85,1209.08,public,2452.85,14.428529411764705,170.0,170.0
12,1135.0,475.95,1447.39,public,39.6625,0.4193392070484581,94.58333333333333,94.58333333333334
3,1109.0,2092.26,1436.66,public,697.4200000000001,1.886618575293057,369.6666666666667,369.66666666666663
7,753.0,358.13,1084.79,public,51.16142857142857,0.4756042496679947,107.57142857142857,107.57142857142857
2,521.0,467.19,667.85,public,233.595,0.8967178502879078,260.5,260.5
12,1003.0,983.23,1996.18,public,81.93583333333333,0.9802891326021934,83.58333333333333,83.58333333333333
3,269.0,708.05,799.12,public,236.01666666666665,2.632156133828996,89.66666666666667,89.66666666666667
14,646.0,2418.19,1931.21,public,172.72785714285715,3.743328173374613,46.142857142857146,46.142857142857146
14,1153.0,346.58,1292.93,public,24.755714285714284,0.30058976582827407,82.35714285714286,82.35714285714285
4,18.0,289.06,380.88,public,72.265,16.058888888888887,4.5,4.5
13,1167.0,1074.36,2197.33,public,82.64307692307692,0.9206169665809768,89.76923076923077,89.76923076923077
1,1113.0,1536.0,1403.6,public,1536.0,1.3800539083557952,1113.0,1113.0
6,930.0,1907.95,1788.75,public,317.9916666666667,2.0515591397849464,155.0,155.0
5,714.0,617.72,1164.2,public,123.54400000000001,0.8651540616246499,142.8,142.8
7,256.0,2180.53,1548.87,public,311.50428571428574,8.5176953125,36.57142857142857,36.57142857142857
9,1063.0,2497.79,1761.94,public,277.53222222222223,2.349755409219191,118.11111111111111,118.11111111111111
11,512.0,2016.19,1710.53,public,183.29,3.93787109375,46.54545454545455,46.54545454545454
9,463.0,1024.53,1476.48,public,113.83666666666666,2.2128077753779696,51.44444444444444,51.44444444444444
12,714.0,2003.23,1829.06,public,166.93583333333333,2.805644257703081,59.5,59.5
9,1165.0,1868.79,1945.95,public,207.64333333333332,1.6041115879828325,129.44444444444446,129.44444444444446
1,872.0,2420.07,1456.34,public,2420.07,2.7753096330275233,872.0,871.9999999999999
10,631.0,1220.71,1730.86,public,122.071,1.9345641838351824,63.1,63.099999999999994
9,633.0,888.17,1384.78,public,98.68555555555555,1.4031121642969984,70.33333333333333,70.33333333333333
4,1065.0,119.34,781.82,public,29.835,0.11205633802816901,266.25,266.25
12,947.0,193.05,1225.63,public,16.087500000000002,0.2038542766631468,78.91666666666667,78.91666666666667
4,159.0,568.58,647.0,public,142.145,3.575974842767296,39.75,39.75
1,292.0,449.83,363.02,public,449.83,1.5405136986301369,292.0,292.0
1,1115.0,926.13,1192.88,public,926.13,0.830609865470852,1115.0,1115.0
7,1168.0,667.94,1639.55,public,95.42,0.5718664383561645,166.85714285714286,166.85714285714283
4,348.0,2047.08,1507.04,public,511.77,5.882413793103448,87.0,87.0
8,77.0,1930.98,1485.69,public,241.3725,25.07766233766234,9.625,9.625
7,1033.0,1013.03,2119.83,public,144.71857142857144,0.9806679574056147,147.57142857142858,147.57142857142858
4,672.0,1603.52,1612.43,public,400.88,2.386190476190476,168.0,168.0
4,1191.0,999.45,1478.93,public,249.8625,0.8391687657430731,297.75,297.75
8,392.0,661.27,978.13,public,82.65875,1.6869132653061225,49.0,49.0
7,951.0,584.4,1253.76,public,83.48571428571428,0.6145110410094637,135.85714285714286,135.85714285714283
5,778.0,2423.47,1643.96,public,484.69399999999996,3.1149999999999998,155.6,155.6
11,958.0,1999.13,1900.18,public,181.73909090909092,2.086774530271399,87.0909090909091,87.0909090909091
3,186.0,1068.31,1152.04,public,356.1033333333333,5.743602150537634,62.0,62.0
5,1116.0,2460.46,1711.97,public,492.092,2.2047132616487457,223.2,223.19999999999996
13,63.0,107.92,710.25,public,8.301538461538462,1.713015873015873,4.846153846153846,4.846153846153846
6,170.0,476.99,600.23,public,79.49833333333333,2.805823529411765,28.333333333333332,28.333333333333332
3,870.0,413.23,795.8,public,137.74333333333334,0.4749770114942529,290.0,290.0
12,852.0,1957.9,1944.89,public,163.15833333333333,2.2980046948356807,71.0,71.0
6,420.0,386.77,929.16,public,64.46166666666666,0.9208809523809524,70.0,70.0
6,668.0,1922.45,1796.98,public,320.40833333333336,2.8779191616766466,111.33333333333333,111.33333333333334
8,795.0,1645.99,644.69,public,205.74875,2.070427672955975,99.375,99.375
4,420.0,927.74,1238.04,public,231.935,2.208904761904762,105.0,105.0
12,1074.0,2407.71,1843.97,public,200.6425,2.2418156424581004,89.5,89.50000000000001
12,916.0,2394.85,1740.85,public,199.57083333333333,2.6144650655021833,76.33333333333333,76.33333333333333
4,1075.0,586.17,1023.65,public,146.5425,0.5452744186046511,268.75,268.75
5,1143.0,1217.72,1745.09,public,243.544,1.0653718285214349,228.6,228.6
2,719.0,591.44,755.3,public,295.72,0.8225869262865091,359.5,359.5
4,197.0,1858.84,1416.33,public,464.71,9.435736040609136,49.25,49.25000000000001
6,248.0,395.4,710.15,public,65.89999999999999,1.5943548387096773,41.333333333333336,41.33333333333333
10,834.0,1820.8,1883.49,public,182.07999999999998,2.1832134292565946,83.4,83.4
1,1112.0,2011.44,1423.85,public,2011.44,1.8088489208633094,1112.0,1112.0
12,1189.0,1453.16,2162.13,public,121.09666666666668,1.222169890664424,99.08333333333333,99.08333333333333
14,269.0,1349.61,1832.34,public,96.40071428571427,5.017137546468401,19.214285714285715,19.21428571428571
7,671.0,1262.85,1600.42,public,180.40714285714284,1.8820417287630402,95.85714285714286,95.85714285714285
9,52.0,350.58,601.81,public,38.95333333333333,6.741923076923077,5.777777777777778,5.777777777777778
14,976.0,1526.58,1995.87,public,109.04142857142857,1.5641188524590164,69.71428571428571,69.71428571428571
2,370.0,1554.5,1311.23,public,777.25,4.201351351351351,185.0,185.0
4,1180.0,1948.55,1565.16,public,487.1375,1.6513135593220338,295.0,295.0
5,36.0,2022.94,1410.58,public,404.588,56.19277777777778,7.2,7.2
5,691.0,1030.64,1465.26,public,206.12800000000001,1.4915195369030392,138.2,138.2
8,52.0,2353.5,1485.05,public,294.1875,45.25961538461539,6.5,6.5
11,24.0,2029.04,1569.37,public,184.45818181818183,84.54333333333334,2.1818181818181817,2.1818181818181817
8,221.0,936.98,1287.0,public,117.1225,4.239728506787331,27.625,27.624999999999996
1,85.0,89.83,175.53,public,89.83,1.0568235294117647,85.0,85.0
7,803.0,12.75,1146.78,public,1.8214285714285714,0.015877957658779578,114.71428571428571,114.71428571428571
12,893.0,910.41,1862.13,public,75.86749999999999,1.0194960806270996,74.41666666666667,74.41666666666666
14,113.0,1091.13,1703.02,public,77.93785714285715,9.656017699115045,8.071428571428571,8.071428571428571
5,516.0,1878.49,669.85,public,375.698,3.640484496124031,103.2,103.19999999999999
14,904.0,2005.96,1970.01,public,143.28285714285715,2.2189823008849556,64.57142857142857,64.57142857142858
1,1058.0,1601.04,1465.9,public,1601.04,1.5132703213610585,1058.0,1058.0
14,555.0,313.73,1201.26,public,22.409285714285716,0.5652792792792793,39.642857142857146,39.64285714285714
7,738.0,730.28,1429.72,public,104.32571428571428,0.9895392953929539,105.42857142857143,105.42857142857143
8,792.0,2437.24,1556.7,public,304.655,3.077323232323232,99.0,99.0
5,831.0,432.8,901.36,public,86.56,0.5208182912154031,166.2,166.20000000000002
7,709.0,320.8,1116.62,public,45.82857142857143,0.4524682651622003,101.28571428571429,101.28571428571429
9,1078.0,161.85,1260.96,public,17.983333333333334,0.15013914656771798,119.77777777777777,119.7777777777778
2,616.0,968.93,1163.1,public,484.465,1.5729383116883116,308.0,308.0
2,570.0,2297.12,1423.86,public,1148.56,4.030035087719298,285.0,285.0
9,13.0,986.41,1271.52,public,109.60111111111111,75.8776923076923,1.4444444444444444,1.4444444444444446
7,381.0,2106.96,1705.27,public,300.9942857142857,5.530078740157481,54.42857142857143,54.42857142857142
9,460.0,2424.47,1624.68,public,269.3855555555555,5.270586956521739,51.111111111111114,51.11111111111111
4,425.0,1286.54,1449.26,public,321.635,3.0271529411764706,106.25,106.25
11,437.0,1053.24,1630.47,public,95.74909090909091,2.4101601830663615,39.72727272727273,39.72727272727273
9,1000.0,1901.79,1778.65,public,211.31,1.9017899999999999,111.11111111111111,111.11111111111111
1,553.0,1687.11,1295.34,public,1687.11,3.0508318264014465,553.0,553.0
10,5.0,1094.06,1361.08,public,109.40599999999999,218.81199999999998,0.5,0.5
12,931.0,864.21,1663.58,public,72.0175,0.9282599355531687,77.58333333333333,77.58333333333333
6,436.0,914.53,1389.11,public,152.42166666666665,2.097545871559633,72.66666666666667,72.66666666666666
3,1074.0,247.32,636.02,public,82.44,0.23027932960893854,358.0,358.0
9,896.0,1398.54,1727.1,public,155.39333333333332,1.5608705357142856,99.55555555555556,99.55555555555556
1,462.0,2047.57,1202.9,public,2047.57,4.431969696969697,462.0,462.0
3,665.0,2418.16,1490.96,public,806.0533333333333,3.636330827067669,221.66666666666666,221.66666666666666
11,532.0,2419.86,1653.69,public,219.98727272727274,4.548609022556391,48.36363636363637,48.36363636363636
9,483.0,52.64,949.04,public,5.848888888888889,0.10898550724637682,53.666666666666664,53.666666666666664
12,296.0,326.83,981.72,public,27.235833333333332,1.1041554054054052,24.666666666666668,24.666666666666668
9,131.0,1990.0,1557.2,public,221.11111111111111,15.19083969465649,14.555555555555555,14.555555555555555
6,836.0,2035.17,1718.79,public,339.195,2.434413875598086,139.33333333333334,139.33333333333331
10,532.0,1223.36,1631.49,public,122.33599999999998,2.299548872180451,53.2,53.199999999999996
14,595.0,2140.61,1989.13,public,152.9007142857143,3.5976638655462185,42.5,42.5
7,623.0,1894.02,1739.49,public,270.57428571428574,3.04016051364366,89.0,89.0
5,1077.0,2234.35,1665.23,public,446.87,2.0746053853296194,215.4,215.4
5,579.0,1018.52,1468.01,public,203.704,1.7591018998272885,115.8,115.8
8,255.0,1817.19,1510.91,public,227.14875,7.126235294117647,31.875,31.875
8,1009.0,1378.07,1903.76,public,172.25875,1.3657779980178393,126.125,126.12500000000001
10,87.0,498.96,781.97,public,49.896,5.735172413793103,8.7,8.700000000000001
1,809.0,1734.56,1447.25,public,1734.56,2.144079110012361,809.0,808.9999999999999
9,1079.0,1981.94,1763.16,public,220.21555555555557,1.8368303985171455,119.88888888888889,119.8888888888889
8,1134.0,1049.84,2073.13,public,131.23,0.925784832451499,141.75,141.75
8,403.0,654.97,895.14,public,81.87125,1.6252357320099255,50.375,50.375
8,534.0,429.88,916.02,public,53.735,0.8050187265917603,66.75,66.75
13,564.0,2245.56,1745.09,public,172.73538461538462,3.9814893617021276,43.38461538461539,43.38461538461539
2,752.0,958.29,1144.41,public,479.145,1.2743218085106383,376.0,376.0
11,293.0,1410.0,1673.7,public,128.1818181818182,4.812286689419795,26.636363636363637,26.636363636363637
5,919.0,470.23,1119.17,public,94.046,0.5116757344940153,183.8,183.8
5,103.0,333.22,573.58,public,66.644,3.2351456310679616,20.6,20.599999999999998
1,893.0,19.76,570.71,public,19.76,0.022127659574468085,893.0,893.0000000000001
12,37.0,52.65,789.01,public,4.3875,1.422972972972973,3.0833333333333335,3.0833333333333335
8,1142.0,776.74,1827.44,public,97.0925,0.6801576182136603,142.75,142.75
5,332.0,218.03,801.73,public,43.606,0.6567168674698796,66.4,66.39999999999999
7,950.0,1739.62,2032.23,public,248.51714285714283,1.831178947368421,135.71428571428572,135.7142857142857
9,223.0,1916.03,1623.73,public,212.89222222222222,8.592062780269059,24.77777777777778,24.777777777777775
6,522.0,1210.87,1577.01,public,201.81166666666664,2.3196743295019155,87.0,87.0
12,46.0,2077.07,1666.29,public,173.08916666666667,45.153695652173916,3.8333333333333335,3.833333333333333
2,252.0,1545.94,1300.19,public,772.97,6.13468253968254,126.0,126.0
14,999.0,619.42,1510.57,public,44.24428571428571,0.62004004004004,71.35714285714286,71.35714285714286
13,125.0,2004.61,1721.56,public,154.20076923076923,16.03688,9.615384615384615,9.615384615384615
9,597.0,625.99,990.84,public,69.55444444444444,1.0485594639865996,66.33333333333333,66.33333333333333
3,289.0,853.79,969.85,public,284.59666666666664,2.9542906574394463,96.33333333333333,96.33333333333333
7,953.0,1918.24,1833.56,public,274.0342857142857,2.0128436516264427,136.14285714285714,136.14285714285714
4,275.0,2359.64,1483.58,public,589.91,8.580509090909091,68.75,68.75
5,755.0,1584.41,1729.08,public,316.882,2.0985562913907287,151.0,150.99999999999997
9,803.0,880.17,1589.75,public,97.79666666666667,1.0961021170610212,89.22222222222223,89.22222222222221
11,293.0,285.14,966.87,public,25.921818181818182,0.9731740614334471,26.636363636363637,26.636363636363637
6,164.0,1460.21,1535.3,public,243.36833333333334,8.903719512195122,27.333333333333332,27.333333333333332
12,675.0,2277.93,1807.33,public,189.8275,3.374711111111111,56.25,56.25
11,859.0,146.71,1267.98,public,13.337272727272728,0.17079161816065194,78.0909090909091,78.09090909090908
2,296.0,1878.7,1354.0,public,939.35,6.34695945945946,148.0,148.0
7,300.0,2417.85,1634.04,public,345.40714285714284,8.0595,42.857142857142854,42.857142857142854
2,1155.0,1517.18,1543.17,public,758.59,1.3135757575757576,577.5,577.5
5,765.0,480.48,1038.42,public,96.096,0.628078431372549,153.0,153.0
9,1097.0,2330.2,1728.07,public,258.9111111111111,2.1241567912488604,121.88888888888889,121.88888888888889
4,422.0,2049.71,1491.9,public,512.4275,4.857132701421801,105.5,105.50000000000001
14,1020.0,510.33,1406.95,public,36.45214285714285,0.5003235294117647,72.85714285714286,72.85714285714285
4,205.0,545.57,682.22,public,136.3925,2.661317073170732,51.25,51.25
12,1046.0,1850.85,1875.72,public,154.23749999999998,1.769455066921606,87.16666666666667,87.16666666666666
4,1001.0,739.08,1116.31,public,184.77,0.7383416583416584,250.25,250.24999999999997
9,938.0,742.17,1632.1,public,82.46333333333332,0.791226012793177,104.22222222222223,104.22222222222221
5,351.0,407.74,883.11,public,81.548,1.1616524216524218,70.2,70.19999999999999
9,748.0,653.42,1249.66,public,72.60222222222222,0.8735561497326203,83.11111111111111,83.11111111111111
13,1186.0,2462.26,1906.35,public,189.4046153846154,2.0761045531197304,91.23076923076923,91.23076923076923
6,384.0,1656.04,1682.33,public,276.00666666666666,4.312604166666667,64.0,64.0
10,150.0,418.41,844.9,public,41.841,2.7894,15.0,15.0
10,783.0,158.93,993.55,public,15.893,0.2029757343550447,78.3,78.3
6,372.0,2494.69,1742.34,public,415.7816666666667,6.7061559139784945,62.0,62.00000000000001
10,958.0,1643.76,1827.18,public,164.376,1.7158246346555324,95.8,95.8
8,34.0,1225.2,1438.52,public,153.15,36.03529411764706,4.25,4.25
7,151.0,2461.93,1516.58,public,351.7042857142857,16.304172185430463,21.571428571428573,21.57142857142857
7,150.0,1379.35,1500.09,public,197.04999999999998,9.195666666666666,21.428571428571427,21.428571428571427
6,751.0,2085.98,1757.81,public,347.66333333333336,2.777603195739015,125.16666666666667,125.16666666666667
7,568.0,159.12,738.92,public,22.731428571428573,0.28014084507042253,81.14285714285714,81.14285714285715
12,574.0,2240.9,1785.72,public,186.74166666666667,3.904006968641115,47.833333333333336,47.833333333333336
13,36.0,808.38,1190.16,public,62.183076923076925,22.455,2.769230769230769,2.7692307692307696
14,595.0,1818.77,1889.9,public,129.91214285714287,3.0567563025210083,42.5,42.50000000000001
7,381.0,2342.27,1705.24,public,334.61,6.14769028871391,54.42857142857143,54.42857142857143
14,174.0,815.3,1295.14,public,58.23571428571428,4.685632183908046,12.428571428571429,12.428571428571427
11,226.0,2013.45,1590.82,public,183.04090909090908,8.909070796460178,20.545454545454547,20.545454545454543
13,137.0,1505.66,1777.72,public,115.82000000000001,10.99021897810219,10.538461538461538,10.538461538461538
13,774.0,206.45,1110.0,public,15.88076923076923,0.2667312661498708,59.53846153846154,59.53846153846153
5,1120.0,1514.91,1658.97,public,302.982,1.3525982142857143,224.0,224.00000000000003
4,862.0,2335.55,1698.94,public,583.8875,2.7094547563805107,215.5,215.5
8,829.0,1147.89,2004.34,public,143.48625,1.3846682750301569,103.625,103.625
4,380.0,446.66,764.24,public,111.665,1.175421052631579,95.0,95.00000000000001
9,238.0,1197.83,1560.78,public,133.0922222222222,5.032899159663865,26.444444444444443,26.444444444444446
13,1199.0,493.0,1634.13,public,37.92307692307692,0.41117597998331945,92.23076923076923,92.23076923076921
12,710.0,1249.41,1921.09,public,104.1175,1.7597323943661973,59.166666666666664,59.166666666666664
14,719.0,1973.14,1980.99,public,140.93857142857144,2.7442837273991656,51.357142857142854,51.35714285714286
1,482.0,1697.08,1198.24,public,1697.08,3.520912863070539,482.0,482.0
9,444.0,725.31,1062.52,public,80.58999999999999,1.633581081081081,49.333333333333336,49.33333333333333
11,610.0,1990.79,1753.56,public,180.98090909090908,3.2635901639344262,55.45454545454545,55.45454545454545
4,238.0,1707.28,1483.48,public,426.82,7.173445378151261,59.5,59.5
2,299.0,1612.7,1282.8,public,806.35,5.3936454849498325,149.5,149.5
10,273.0,799.9,1155.05,public,79.99,2.93003663003663,27.3,27.3
3,154.0,274.04,406.91,public,91.34666666666668,1.7794805194805197,51.333333333333336,51.333333333333336
7,636.0,697.02,1276.06,public,99.57428571428571,1.0959433962264151,90.85714285714286,90.85714285714285
2,1038.0,685.07,962.14,public,342.535,0.659990366088632,519.0,519.0
2,798.0,2334.41,1485.4,public,1167.205,2.9253258145363406,399.0,399.0
12,601.0,2166.56,1918.46,public,180.54666666666665,3.6049251247920133,50.083333333333336,50.08333333333333
6,290.0,814.04,1077.35,public,135.67333333333332,2.8070344827586204,48.333333333333336,48.33333333333333
8,16.0,259.02,543.56,public,32.3775,16.18875,2.0,2.0
8,303.0,1072.44,1453.25,public,134.055,3.5394059405940594,37.875,37.875
11,372.0,2048.26,1632.61,public,186.20545454545456,5.506075268817205,33.81818181818182,33.81818181818181
3,864.0,2338.52,1513.04,public,779.5066666666667,2.7066203703703704,288.0,288.0
11,913.0,2253.41,1758.56,public,204.85545454545453,2.4681380065717415,83.0,83.0
14,805.0,834.06,1683.49,public,59.575714285714284,1.0360993788819874,57.5,57.50000000000001
5,905.0,2317.31,1691.38,public,463.462,2.5605635359116024,181.0,180.99999999999997
10,728.0,226.53,1060.47,public,22.653,0.3111675824175824,72.8,72.8
4,842.0,893.25,1324.64,public,223.3125,1.0608669833729216,210.5,210.5
5,117.0,953.06,1116.8,public,190.612,8.145811965811966,23.4,23.4
12,307.0,957.17,1432.75,public,79.76416666666667,3.117817589576547,25.583333333333332,25.583333333333336
9,51.0,314.81,704.94,public,34.97888888888889,6.172745098039216,5.666666666666667,5.666666666666667
7,1071.0,841.11,1699.9,public,120.15857142857143,0.7853501400560224,153.0,153.0
13,922.0,1510.22,1967.87,public,116.17076923076924,1.6379826464208243,70.92307692307692,70.92307692307693
8,867.0,2373.39,1747.22,public,296.67375,2.7374740484429063,108.375,108.375
11,1013.0,1483.3,1952.8,public,134.84545454545454,1.46426456071076,92.0909090909091,92.0909090909091
6,1148.0,1525.81,1776.48,public,254.30166666666665,1.329102787456446,191.33333333333334,191.33333333333331
12,158.0,2195.67,1625.46,public,182.9725,13.896645569620254,13.166666666666666,13.166666666666666
5,1010.0,2054.21,1810.37,public,410.842,2.033871287128713,202.0,202.0
1,682.0,1517.04,1376.04,public,1517.04,2.224398826979472,682.0,682.0000000000001
5,14.0,78.33,406.7,public,15.666,5.595,2.8,2.8000000000000003
6,1203.0,1900.48,1972.88,public,316.74666666666667,1.5797838736492102,200.5,200.5
4,810.0,1852.31,1575.87,public,463.0775,2.2868024691358024,202.5,202.5
3,760.0,2073.25,1522.45,public,691.0833333333334,2.7279605263157896,253.33333333333334,253.33333333333334
7,868.0,625.09,1403.48,public,89.29857142857144,0.7201497695852535,124.0,124.00000000000001
7,205.0,103.31,683.1,public,14.758571428571429,0.5039512195121951,29.285714285714285,29.285714285714285
5,387.0,1882.35,1588.8,public,376.46999999999997,4.8639534883720925,77.4,77.4
11,447.0,130.07,852.02,public,11.824545454545454,0.2909843400447427,40.63636363636363,40.63636363636364
9,482.0,1348.44,1633.26,public,149.82666666666668,2.7975933609958505,53.55555555555556,53.555555555555564
7,15.0,2436.67,1459.63,public,348.0957142857143,162.44466666666668,2.142857142857143,2.142857142857143
10,955.0,1182.33,1950.3,public,118.23299999999999,1.2380418848167538,95.5,95.5
5,41.0,2314.68,1500.28,public,462.936,56.45560975609756,8.2,8.2
2,1189.0,1164.74,1666.52,public,582.37,0.97959629941127,594.5,594.5
2,762.0,519.74,752.69,public,259.87,0.6820734908136483,381.0,381.0
10,895.0,937.46,1714.8,public,93.74600000000001,1.047441340782123,89.5,89.5
13,858.0,2258.01,1889.71,public,173.69307692307694,2.631713286713287,66.0,66.0
11,650.0,524.8,1179.09,public,47.709090909090904,0.8073846153846154,59.09090909090909,59.090909090909086
4,198.0,2106.63,1450.67,public,526.6575,10.639545454545456,49.5,49.5
1,791.0,1927.75,1419.88,public,1927.75,2.437104930467762,791.0,791.0000000000001
14,1020.0,1201.75,2337.73,public,85.83928571428571,1.178186274509804,72.85714285714286,72.85714285714285
12,59.0,2247.39,1629.92,public,187.2825,38.091355932203385,4.916666666666667,4.916666666666667
8,626.0,545.84,1142.89,public,68.23,0.8719488817891374,78.25,78.25
5,57.0,559.05,639.73,public,111.80999999999999,9.807894736842105,11.4,11.399999999999999
5,908.0,716.7,1375.88,public,143.34,0.7893171806167402,181.6,181.6
13,8.0,78.44,713.71,public,6.033846153846154,9.805,0.6153846153846154,0.6153846153846154
11,684.0,672.51,1487.93,public,61.13727272727272,0.9832017543859649,62.18181818181818,62.18181818181818
4,180.0,2365.46,1443.02,public,591.365,13.141444444444444,45.0,45.0
13,511.0,1628.33,1915.79,public,125.25615384615384,3.186555772994129,39.30769230769231,39.30769230769231
4,231.0,20.39,499.26,public,5.0975,0.08826839826839827,57.75,57.75
9,1139.0,1973.31,1759.33,public,219.25666666666666,1.7324934152765583,126.55555555555556,126.55555555555556
9,578.0,1167.71,1587.21,public,129.74555555555557,2.020259515570934,64.22222222222223,64.22222222222223
14,530.0,2028.06,2079.14,public,144.86142857142858,3.826528301886792,37.857142857142854,37.85714285714286
7,316.0,141.89,837.8,public,20.27,0.4490189873417721,45.142857142857146,45.142857142857146
2,897.0,2382.39,1437.95,public,1191.195,2.655953177257525,448.5,448.5
12,121.0,608.92,1033.44,public,50.74333333333333,5.032396694214876,10.083333333333334,10.083333333333332
4,764.0,1417.94,1682.1,public,354.485,1.8559424083769633,191.0,191.0
11,663.0,2141.08,1715.29,public,194.64363636363635,3.2293815987933634,60.27272727272727,60.272727272727266
3,91.0,1640.15,1338.3,public,546.7166666666667,18.023626373626374,30.333333333333332,30.333333333333332
1,1035.0,1289.84,1317.33,public,1289.84,1.2462222222222221,1035.0,1035.0
7,125.0,193.62,616.24,public,27.66,1.5489600000000001,17.857142857142858,17.857142857142858
12,437.0,639.96,1183.74,public,53.330000000000005,1.4644393592677347,36.416666666666664,36.416666666666664
4,84.0,2243.12,1392.1,public,560.78,26.70380952380952,21.0,21.0
5,716.0,1316.6,1686.98,public,263.32,1.8388268156424579,143.2,143.20000000000002
12,18.0,2461.37,1556.78,public,205.11416666666665,136.74277777777777,1.5,1.5
3,560.0,1664.15,1419.48,public,554.7166666666667,2.9716964285714287,186.66666666666666,186.66666666666666
3,504.0,63.39,568.17,public,21.13,0.12577380952380954,168.0,167.99999999999997
5,1126.0,664.9,1336.74,public,132.98,0.5904973357015986,225.2,225.2
1,1092.0,390.55,589.11,public,390.55,0.35764652014652015,1092.0,1092.0
11,273.0,502.37,862.61,public,45.67,1.8401831501831503,24.818181818181817,24.818181818181817
4,6.0,458.7,459.21,public,114.675,76.45,1.5,1.5
1,620.0,490.45,678.74,public,490.45,0.7910483870967742,620.0,620.0
5,659.0,2083.15,1645.06,public,416.63,3.1610773899848255,131.8,131.8
12,353.0,2150.17,1765.67,public,179.18083333333334,6.091133144475921,29.416666666666668,29.416666666666664
13,618.0,1982.27,2000.39,public,152.4823076923077,3.2075566343042072,47.53846153846154,47.53846153846154
2,1158.0,2355.92,1528.91,public,1177.96,2.0344732297063906,579.0,579.0
3,512.0,1251.6,1360.76,public,417.2,2.44453125,170.66666666666666,170.66666666666669
5,840.0,941.55,1676.48,public,188.31,1.1208928571428571,168.0,168.0
7,1086.0,2319.81,1858.36,public,331.40142857142854,2.1361049723756906,155.14285714285714,155.14285714285714
13,1152.0,864.45,1797.14,public,66.49615384615385,0.7503906250000001,88.61538461538461,88.6153846153846
4,840.0,1375.42,1580.95,public,343.855,1.637404761904762,210.0,210.0
4,724.0,89.99,667.98,public,22.4975,0.12429558011049723,181.0,181.0
3,327.0,2141.92,1438.41,public,713.9733333333334,6.550214067278287,109.0,109.0
13,1055.0,2005.84,1997.52,public,154.29538461538462,1.9012701421800946,81.15384615384616,81.15384615384616
1,931.0,327.97,609.73,public,327.97,0.3522771213748658,931.0,931.0
10,108.0,2181.67,1632.42,public,218.167,20.200648148148147,10.8,10.8
13,1204.0,24.47,1344.17,public,1.8823076923076922,0.02032392026578073,92.61538461538461,92.61538461538461
5,517.0,919.25,1288.31,public,183.85,1.7780464216634428,103.4,103.4
8,897.0,1536.36,1944.62,public,192.045,1.7127759197324413,112.125,112.125
12,988.0,2492.79,1753.84,public,207.7325,2.523066801619433,82.33333333333333,82.33333333333333
1,1041.0,1630.25,1466.95,public,1630.25,1.5660422670509127,1041.0,1041.0
10,454.0,2359.42,1619.0,public,235.942,5.1969603524229075,45.4,45.4
5,406.0,1084.16,1399.39,public,216.83200000000002,2.670344827586207,81.2,81.2
4,103.0,1790.07,1394.55,public,447.5175,17.379320388349512,25.75,25.750000000000004
11,198.0,269.95,695.66,public,24.54090909090909,1.3633838383838384,18.0,18.0
4,477.0,18.97,631.5,public,4.7425,0.039769392033542975,119.25,119.25
11,67.0,2455.53,1572.91,public,223.23000000000002,36.64970149253732,6.090909090909091,6.090909090909091
7,789.0,185.73,966.26,public,26.532857142857143,0.2353992395437262,112.71428571428571,112.71428571428572
13,70.0,993.7,1492.02,public,76.43846153846154,14.195714285714287,5.384615384615385,5.384615384615384
12,59.0,858.62,1377.35,public,71.55166666666666,14.552881355932204,4.916666666666667,4.916666666666666
3,1027.0,180.0,804.96,public,60.0,0.17526777020447906,342.3333333333333,342.3333333333333
3,275.0,543.74,572.73,public,181.24666666666667,1.9772363636363637,91.66666666666667,91.66666666666667
12,180.0,384.42,873.97,public,32.035000000000004,2.135666666666667,15.0,15.0
3,334.0,2449.89,1472.53,public,816.63,7.335,111.33333333333333,111.33333333333333
7,759.0,1694.02,1960.92,public,242.00285714285715,2.2319104084321477,108.42857142857143,108.42857142857143
10,174.0,1991.96,1542.4,public,199.196,11.448045977011494,17.4,17.4
1,780.0,366.37,516.69,public,366.37,0.4697051282051282,780.0,780.0
9,934.0,415.5,1208.82,public,46.166666666666664,0.44486081370449676,103.77777777777777,103.77777777777779
8,936.0,556.28,1277.26,public,69.535,0.5943162393162393,117.0,116.99999999999999
1,1002.0,2320.13,1475.4,public,2320.13,2.315499001996008,1002.0,1002.0
7,83.0,137.84,482.65,public,19.69142857142857,1.660722891566265,11.857142857142858,11.857142857142856
9,191.0,789.52,1058.5,public,87.72444444444444,4.133612565445026,21.22222222222222,21.22222222222222
3,280.0,1090.37,1256.92,public,363.45666666666665,3.894178571428571,93.33333333333333,93.33333333333334
5,644.0,2383.17,1785.53,public,476.634,3.7005745341614906,128.8,128.8
10,498.0,992.86,1395.03,public,99.286,1.9936947791164659,49.8,49.8
4,317.0,1793.28,1518.93,public,448.32,5.6570347003154575,79.25,79.25
4,1100.0,370.61,860.32,public,92.6525,0.33691818181818184,275.0,275.0
4,263.0,2469.06,1503.98,public,617.265,9.388060836501902,65.75,65.75
4,932.0,1287.34,1513.28,public,321.835,1.3812660944206008,233.0,233.0
14,343.0,2013.4,1839.05,public,143.81428571428572,5.86997084548105,24.5,24.5
2,274.0,888.24,917.79,public,444.12,3.241751824817518,137.0,137.0
1,759.0,330.29,500.92,public,330.29,0.4351646903820817,759.0,759.0
8,204.0,2178.45,1506.38,public,272.30625,10.678676470588234,25.5,25.5
10,396.0,2068.65,1556.68,public,206.865,5.223863636363636,39.6,39.6
6,840.0,870.82,1496.46,public,145.13666666666668,1.0366904761904763,140.0,140.0
7,756.0,1473.59,1961.96,public,210.51285714285714,1.9491931216931215,108.0,108.00000000000001
4,1048.0,279.75,780.15,public,69.9375,0.2669370229007634,262.0,262.0
9,800.0,39.96,1158.68,public,4.44,0.04995,88.88888888888889,88.8888888888889
3,240.0,1895.67,1386.33,public,631.89,7.898625,80.0,80.0
13,997.0,920.48,2124.16,public,70.80615384615385,0.9232497492477433,76.6923076923077,76.6923076923077
2,826.0,2163.39,1523.26,public,1081.695,2.61911622276029,413.0,413.00000000000006
6,194.0,914.25,1168.72,public,152.375,4.712628865979381,32.333333333333336,32.333333333333336
4,333.0,1934.76,1467.52,public,483.69,5.81009009009009,83.25,83.25
8,1053.0,1864.01,1794.57,public,233.00125,1.770189933523267,131.625,131.625
12,466.0,1291.33,1770.37,public,107.61083333333333,2.7710944206008583,38.833333333333336,38.833333333333336
8,916.0,2417.62,1755.05,public,302.2025,2.6393231441048033,114.5,114.5
11,322.0,1251.3,1732.46,public,113.75454545454545,3.8860248447204966,29.272727272727273,29.272727272727273
13,11.0,1114.96,1555.48,public,85.76615384615386,101.36,0.8461538461538461,0.8461538461538463
7,250.0,364.79,718.71,public,52.112857142857145,1.45916,35.714285714285715,35.714285714285715
5,247.0,296.51,594.93,public,59.302,1.2004453441295546,49.4,49.4
14,1158.0,2104.61,1899.69,public,150.32928571428573,1.8174525043177894,82.71428571428571,82.71428571428572
11,1095.0,1071.83,2159.33,public,97.43909090909091,0.9788401826484018,99.54545454545455,99.54545454545455
11,1149.0,270.81,1284.51,public,24.61909090909091,0.23569190600522194,104.45454545454545,104.45454545454545
9,14.0,1057.38,1372.31,public,117.48666666666668,75.52714285714286,1.5555555555555556,1.5555555555555556
4,184.0,983.77,1202.69,public,245.9425,5.346576086956522,46.0,46.0
6,135.0,2488.22,1561.2,public,414.7033333333333,18.431259259259257,22.5,22.500000000000004
5,717.0,1508.97,1722.49,public,301.794,2.104560669456067,143.4,143.4
1,389.0,1964.96,1228.94,public,1964.96,5.051311053984576,389.0,389.0
3,1136.0,1296.54,1536.6,public,432.18,1.1413204225352112,378.6666666666667,378.6666666666667
13,145.0,2202.42,1716.13,public,169.41692307692307,15.189103448275862,11.153846153846153,11.153846153846153
1,1122.0,861.5,1081.05,public,861.5,0.767825311942959,1122.0,1122.0
14,383.0,97.95,1203.93,public,6.996428571428572,0.25574412532637075,27.357142857142858,27.357142857142858
1,309.0,1211.37,1110.55,public,1211.37,3.920291262135922,309.0,309.0
14,1090.0,2248.68,1905.5,public,160.61999999999998,2.0630091743119263,77.85714285714286,77.85714285714286
3,278.0,994.9,1167.78,public,331.6333333333333,3.5787769784172663,92.66666666666667,92.66666666666666
7,1109.0,2397.29,1917.57,public,342.46999999999997,2.161668169522092,158.42857142857142,158.42857142857142
12,643.0,2194.16,1758.03,public,182.84666666666666,3.4123794712286157,53.583333333333336,53.583333333333336
11,176.0,1050.67,1444.13,public,95.51545454545455,5.969715909090909,16.0,16.0
7,309.0,1021.75,1309.85,public,145.96428571428572,3.30663430420712,44.142857142857146,44.142857142857146
3,992.0,1897.41,1539.0,public,632.47,1.9127116935483872,330.6666666666667,330.6666666666667
3,175.0,440.19,431.17,public,146.73,2.5153714285714286,58.333333333333336,58.33333333333333
5,895.0,2329.69,1791.96,public,465.938,2.603005586592179,179.0,179.0
8,372.0,348.37,950.24,public,43.54625,0.936478494623656,46.5,46.5
5,567.0,193.11,718.3,public,38.622,0.3405820105820106,113.4,113.39999999999999
8,978.0,710.43,1624.58,public,88.80375,0.7264110429447852,122.25,122.25
1,1082.0,1809.49,446.94,public,1809.49,1.6723567467652496,1082.0,1082.0
11,636.0,2238.97,1699.94,public,203.54272727272726,3.520393081761006,57.81818181818182,57.81818181818182
6,370.0,315.09,946.39,public,52.51499999999999,0.8515945945945945,61.666666666666664,61.666666666666664
8,413.0,222.83,802.95,public,27.85375,0.5395399515738499,51.625,51.625
3,399.0,141.39,546.04,public,47.129999999999995,0.35436090225563904,133.0,133.0
